LATITUDE_DENSE,LONGITUDE_DENSE,TÜR,MAHAL ADI,İLÇE,LATITUDE_PARK,LONGITUDE_PARK
40.9762573242188,28.7347412109375,Cadde (Kavşak ve Refüj),AVCILAR VATAN HASTANESİ KAVŞAĞI - AVCILAR KAVŞAĞI ARASI,Avcılar,40.97843405,28.73487264
40.9707641601563,28.7347412109375,Park,AVCILAR SAHİL PARKI - 2,Avcılar,40.97097572,28.73806983
41.0476684570313,29.2510986328125,Cadde (Kavşak ve Refüj),SARAY CADDESİ ORTA VE YAN REFÜJLER,Çekmeköy,41.0479378,29.2452603
41.0092163085938,29.2401123046875,Cadde (Kavşak ve Refüj),ATATÜRK CADDESİ ORTA VE YAN REFÜJLER,Sancaktepe,41.0076161,29.2434241
41.0092163085938,29.2401123046875,Cadde (Kavşak ve Refüj),BAHÇELİEVLER CADDESİ,Sancaktepe,41.0110254,29.2437986
41.0751342773438,28.9544677734375,Park,ŞEHİT KUBİLAY PARKI,Eyüpsultan,41.07723030,28.95970362
41.1135864257813,28.5040283203125,"Karayolu (Kavşak, Şev-Yamaç ve Refüj)",ÇATALCA KUZEY MARMARA OTOYOLU BAĞLANTI KAVŞAĞI,Çatalca,41.11052876,28.50394249
41.1026000976563,28.5919189453125,"Karayolu (Kavşak, Şev-Yamaç ve Refüj)",TEM HADIMKÖY KAVŞAĞI - ÇATALCA KAVŞAĞI ARASI YAN REFÜJLER,Arnavutköy,41.10439790,28.58827972
41.0806274414063,28.9434814453125,Park,ALİBEYKÖY MERKEZ PARKI,Eyüpsultan,41.08068758,28.94876808
41.0806274414063,28.9434814453125,Park,KUTLU DOĞUM PARKI,Eyüpsultan,41.07913683,28.93938303
41.0806274414063,28.9434814453125,Park,ŞEHİT HALİT AYDIN PARKI,Eyüpsultan,41.08374650,28.94442558
41.0806274414063,28.9434814453125,Park,ŞEHİT HÜSEYİN ÇATALKAŞ PARKI,Eyüpsultan,41.08077856,28.93959224
41.0806274414063,28.9434814453125,Kamu,İBB TEVFİK AYDENİZ SPOR SALONU BAHÇESİ,Eyüpsultan,41.08149104,28.93816209
41.0366821289063,28.8336181640625,Park,BAĞCILAR KİRAZLI MAHALLESİ ZEMİN ÜSTÜ PARKI,Bağcılar,41.03273441,28.83470443
41.0586547851563,28.8555908203125,"Karayolu (Kavşak, Şev-Yamaç ve Refüj)",MAHMUTBEY DOĞU KAVŞAĞI - ESENLER KAVŞAĞI ARASI ORTA VE YAN REFÜJLER,Esenler,41.05509256,28.85686219
41.0586547851563,28.8555908203125,Metro Çıkışı,YÜZYIL METRO ACİL ÇIKIŞI,Esenler,41.06302875,28.85637671
41.0641479492188,28.8555908203125,Metro Çıkışı,ORUÇ REİS METRO ÇIKIŞI (DOĞU-BATI),Esenler,41.06344738,28.85571420
41.0641479492188,28.8555908203125,Metro Çıkışı,YÜZYIL METRO ACİL ÇIKIŞI,Esenler,41.06302875,28.85637671
40.9817504882813,28.8995361328125,Park,BALKAN ŞEHİRLERİ PARKI,Zeytinburnu,40.98038810,28.90483618
41.1080932617188,28.9874267578125,Cadde (Kavşak ve Refüj),VADİ İSTANBUL ÖNÜ ORTA VE YAN REFÜJLER,Kağıthane,41.10652728,28.98838699
40.9982299804688,29.0203857421875,Cadde (Kavşak ve Refüj),GATA ÖNÜ ORTA VE YAN REFÜJLER,Üsküdar,41.00229783,29.02245641
40.9982299804688,29.0203857421875,Kamu,SBÜ SULTAN 2. ABDÜLHAMİT HAN EĞİTİM VE ARAŞTIRMA HASTANESİ BAHÇESİ,Üsküdar,41.00176343,29.02086854
40.9817504882813,29.0313720703125,Park,KURBAĞALIDERE PARKI,Kadıköy,40.98175893,29.03281778
40.9982299804688,29.0533447265625,Kamu,KADIKÖY ANADOLU İMAM HATİP LİSESİ BAHÇESİ,Kadıköy,40.998790,29.053914
40.9982299804688,29.0533447265625,Cadde (Kavşak ve Refüj),SALI PAZARI MEYDANI,Kadıköy,40.99777151,29.04947187
40.9982299804688,29.0533447265625,"Karayolu (Kavşak, Şev-Yamaç ve Refüj)",UZUNÇAYIR KAVŞAĞI,Kadıköy,40.999822,29.056607
40.9432983398438,29.1412353515625,"Karayolu (Kavşak, Şev-Yamaç ve Refüj)",BAŞIBÜYÜK KAVŞAĞI,Maltepe,40.945333,29.145778
40.9432983398438,29.1412353515625,"Karayolu (Kavşak, Şev-Yamaç ve Refüj)",FINDIKLI - DUDULLU YOLU ORTA VE YAN REFÜJ,Maltepe,40.945333,29.145778
40.9432983398438,29.1412353515625,Kamu,İBB MALTEPE GİRNE ÇEM BAHÇESİ,Maltepe,40.94323791,29.14064853
41.0147094726563,29.0093994140625,Koru,HAREM KORUSU,Üsküdar,41.01142844,29.01248127
41.0202026367188,29.0093994140625,Park,DOĞANCILAR PARKI,Üsküdar,41.01886800,29.01330700
41.0202026367188,29.0093994140625,Park,HAREM - ÜSKÜDAR ARASI SAHİL PARKLARI,Üsküdar,41.02035543,29.00734484
41.0421752929688,29.0093994140625,Meydan,BEŞİKTAŞ BARBAROS MEYDANI,Beşiktaş,41.0419381,29.0075916
41.0037231445313,28.9434814453125,Park,GAYRET PARKI,Fatih,41.00240713,28.94027352
41.0037231445313,28.9434814453125,Cadde (Kavşak ve Refüj),ÇATLADIKAPI PARKI - YENİKAPI ARASI ORTA VE YAN REFÜJLER,Fatih,41.00085981,28.94412732
41.0202026367188,29.0533447265625,"Karayolu (Kavşak, Şev-Yamaç ve Refüj)",ALTUNİZADE KAVŞAĞI - ACIBADEM KAVŞAĞI ARASI YAN REFÜJLER,Üsküdar,41.01719468,29.05415211
41.0202026367188,29.0533447265625,"Karayolu (Kavşak, Şev-Yamaç ve Refüj)",ALTUNİZADE KAVŞAĞI,Üsküdar,41.02240743,29.04875406
41.0202026367188,29.0533447265625,Park,MİLLET PARKI,Üsküdar,41.02328200,29.05145100
41.0202026367188,29.0533447265625,Cadde (Kavşak ve Refüj),KISIKLI CADDESİ ORTA VE YAN REFÜJLER,Üsküdar,41.02308918,29.05445719
41.0311889648438,29.0643310546875,Hatıra Ormanı,İSTANBUL KENT ÜNİVERSİTESİ MESUT YILMAZ HATIRA ORMANI,Üsküdar,41.03059841,29.06691670
40.9652709960938,29.1082763671875,"Karayolu (Kavşak, Şev-Yamaç ve Refüj)",BOSTANCI KAVŞAĞI,Kadıköy ,40.965292,29.104385
41.0147094726563,28.9654541015625,Kamu,İSTANBUL ÜNİVERSİTESİ BAHÇESİ,Fatih,41.01254767,28.96415591
41.0147094726563,28.9654541015625,Kamu,SÜLEYMANİYE CAMİ BAHÇESİ,Fatih,41.01606107,28.96403790
41.0147094726563,28.9654541015625,Park,SOBACILAR ÖNÜ PARKI,Fatih,41.01820626,28.96765351
40.9817504882813,29.1082763671875,Cadde (Kavşak ve Refüj),HALK CADDESİ ORTA VE YAN REFÜJLER,Ataşehir,40.98483866,29.10627007
40.9817504882813,29.1522216796875,Kamu,KAYIŞDAĞI DARULACEZE BAHÇESİ,Ataşehir,40.97929869,29.14859533
40.9817504882813,29.1522216796875,Kamu,İBB ATAŞEHİR KAYIŞDAĞI ÇEM BAHÇESİ,Ataşehir,40.98113123,29.14873615
40.9872436523438,29.1522216796875,Kamu,AKSEKİLİ MEHMET USLU CAMİ BAHÇESİ,Ataşehir,40.99119608,29.15133119
41.0037231445313,29.0972900390625,Cadde (Kavşak ve Refüj),3004 CADDESİ ORTA VE YAN REFÜJLER,Ümraniye,41.00160149,29.09926414
41.0037231445313,29.0972900390625,Park,DEPREM PARKI,Ataşehir,40.99982862,29.0946973
41.0037231445313,29.1082763671875,Cadde (Kavşak ve Refüj),ŞENOL GÜNEŞ BULVARI ORTA VE YAN REFÜJLER,Ümraniye,41.00493735,29.11276102
41.0311889648438,29.0972900390625,"Karayolu (Kavşak, Şev-Yamaç ve Refüj)",ÜMRANİYE KAVŞAĞI - TANTAVİ TÜNELİ ARASI ORTA VE YAN REFÜJLER,Ümraniye,41.03119732,29.09531593
41.0421752929688,29.1192626953125,Cadde (Kavşak ve Refüj),KÜÇÜKSU CADDESİ ORTA VE YAN REFÜJLER,Ümraniye,41.04319053,29.11780357
41.0037231445313,29.1412353515625,Cadde (Kavşak ve Refüj),AZİZ BULVARI,Ataşehir,41.00678334,29.13751245
41.0037231445313,29.1412353515625,Cadde (Kavşak ve Refüj),ÜMRANİYE HATBOYU CADDESİ ORTA VE YAN REFÜJLER,Ümraniye,41.00170675,29.14279103
41.0037231445313,29.1412353515625,Cadde (Kavşak ve Refüj),İDEALİSKENT CADDESİ ORTA REFÜJLER,Çekmeköy,41.00678334,29.13751245
41.0806274414063,28.8885498046875,Park,GAZİOSMANPAŞA MEHMET NİYAZİ ÖZDEMİR ZEMİN ÜSTÜ PARKI,Gaziosmanpaşa,41.07938754,28.88546258
41.0586547851563,29.0533447265625,Park,KULELİ PARKI - 1,Üsküdar,41.05568822,29.05209884
41.0586547851563,29.0533447265625,Park,KULELİ PARKI - 2,Üsküdar,41.06063222,29.05267686
41.0751342773438,29.0533447265625,Park,KANDİLLİ PARKI,Üsküdar,41.07439300,29.05880200
41.0916137695313,29.0093994140625,Park,KONAKLAR PARKI,Beşiktaş,41.08894356,29.01032900
41.0971069335938,29.0093994140625,"Karayolu (Kavşak, Şev-Yamaç ve Refüj)",HARP AKADEMİLERİ KAVŞAĞI,Sarıyer,41.09959888,29.00783300
41.0971069335938,29.0643310546875,Park,BEYKOZ KANLICA PARKI,Beykoz,41.09996674,29.06574994
41.0971069335938,29.0643310546875,Cadde (Kavşak ve Refüj),BEYKOZ KÖRFEZ CADDESİ ORTA VE YAN REFÜJLER,Beykoz,41.09360769,29.06745851
41.0971069335938,28.2513427734375,"Karayolu (Kavşak, Şev-Yamaç ve Refüj)",TEM SİLİVRİ KAVŞAĞI - E5 SİLİVRİ KAVŞAĞI ARASI YAN REFÜJLER,Silivri,41.09707957,28.25403786
41.1300659179688,29.0643310546875,Cadde (Kavşak ve Refüj),CUMHURBAŞKANLIĞI GİRİŞİ YAN REFÜJ,Sarıyer,41.12861122,29.06039625
41.1135864257813,29.0863037109375,Park,BURUNBAHÇE MESİRE ALANI - 2,Beykoz,41.11212525,29.08593625
41.1135864257813,29.0863037109375,Park,BURUNBAHÇE MESİRE ALANI - 1,Beykoz,41.113898,29.087894
41.1795043945313,28.9874267578125,Kamu,İSTANBUL ÜNİVERSİTESİ ORMAN FAKÜLTESİ BAHÇESİ,Sarıyer,41.17618292,28.99082780
41.0916137695313,29.0972900390625,Kamu,BEYKOZ İLÇE EMNİYET MÜDÜRLÜĞÜ BAHÇESİ,Beykoz ,41.09354300,29.10194099
41.1740112304688,28.9874267578125,Cadde (Kavşak ve Refüj),BAHÇEKÖY BAĞLANTI YOLLARI,Sarıyer,41.17353815,28.99033159
41.1740112304688,28.9874267578125,Cadde (Kavşak ve Refüj),BAHÇEKÖY CADDESİ ORTA REFÜJLER,Sarıyer,41.17353815,28.99033159
41.1740112304688,28.9874267578125,Kamu,İSTANBUL ÜNİVERSİTESİ ORMAN FAKÜLTESİ BAHÇESİ,Sarıyer,41.17618292,28.99082780
41.0147094726563,28.9764404296875,Koru,GÜLHANE KORUSU,Fatih,41.01417487,28.98085669
41.0147094726563,28.9764404296875,Kamu,İSTANBUL VALİLİĞİ BAHÇESİ,Fatih,41.01228861,28.97661209
41.0147094726563,28.9764404296875,Park,SİRKECİ GAR ÖNÜ PARKI,Fatih,41.01604083,28.97674620
41.0147094726563,28.9764404296875,Cadde (Kavşak ve Refüj),SİRKECİ - UNKAPANI ARASI ORTA VE YAN REFÜJLER,Fatih,41.01646178,28.97641361
40.9927368164063,28.9215087890625,Park,KOCA MUSTAFA PAŞA SAHİL PARKI,Fatih,40.99008256,28.92576277
40.9927368164063,28.9215087890625,Park,MERMERKULE PARKI,Fatih,40.99098350,28.92536581
40.9927368164063,28.9215087890625,Park,ULUSLARARASI BARIŞ PARKI,Fatih,40.99020404,28.91971707
40.9927368164063,28.9215087890625,Cadde (Kavşak ve Refüj),YEDİKULE KAVŞAĞI,Zeytinburnu,40.98881110,28.91898751
40.8389282226563,29.3170166015625,"Karayolu (Kavşak, Şev-Yamaç ve Refüj)",İÇMELER KAVŞAĞI - TUZLA KAVŞAĞI ARASI YAN REFÜJLER,Tuzla,40.840917,29.313515
40.8389282226563,29.3170166015625,"Karayolu (Kavşak, Şev-Yamaç ve Refüj)",TUZLA KAVŞAĞI - BAYRAMOĞLU ARASI YAN REFÜJLER,Tuzla,40.837174,29.322291
41.0421752929688,28.4710693359375,Kamu,KUMBURGAZ İTFAİYE İSTASYONU BAHÇESİ,Büyükçekmece,41.03977255,28.46785519
40.8663940429688,29.3499755859375,Park,AYDINLI BÖLGE PARKI,Tuzla,40.86400422,29.34617758
40.8663940429688,29.3499755859375,Cadde (Kavşak ve Refüj),TUZLA HAL YOLU CADDESİ ORTA REFÜJ,Tuzla,40.86513572,29.35387554
40.9048461914063,29.1851806640625,Kamu,ŞEHİT JANDARMA ER RIDVAN ÇELİK PARKI,Kartal,40.90157686,29.18894112
40.9103393554688,29.1851806640625,Cadde (Kavşak ve Refüj),ÇANAKKALE CADDESİ ORTA REFÜJLER,Kartal,40.90890315,29.18060482
40.9103393554688,29.1851806640625,Kamu,İBB KARTAL EK HİZMET BİNASI BAHÇESİ,Kartal,40.91349231,29.18525577
41.0586547851563,28.3721923828125,"Karayolu (Kavşak, Şev-Yamaç ve Refüj)",ORTAKÖY KAVŞAĞI,Silivri,41.05910481,28.36895875
41.0531616210938,28.8226318359375,Park,BAĞCILAR TRAFİK EGİTİM PİSTİ PARKI,Bağcılar,41.05044523,28.82309065
40.8828735351563,29.2510986328125,Park,BOTAŞ PARKI - 1,Pendik,40.87999061,29.25146878
40.8828735351563,29.2510986328125,"Karayolu (Kavşak, Şev-Yamaç ve Refüj)",PENDİK KAVŞAĞI - TERSANE KAVŞAĞI ARASI YAN REFÜJLER,Pendik,40.881680,29.249056
41.0751342773438,28.7677001953125,Kamu,OLİMPİYAT KÖYÜ VE ÇEVRESİ,Başakşehir,41.07462794,28.76667023
40.9487915039063,29.2181396484375,"Karayolu (Kavşak, Şev-Yamaç ve Refüj)",ORTADAĞ KÖPRÜLÜ KAVŞAĞI,Kartal,40.94483763,29.21623528
40.9487915039063,29.2181396484375,"Karayolu (Kavşak, Şev-Yamaç ve Refüj)",SAMANDIRA KAVŞAĞI - ORTADAĞ KÖPRÜLÜ KAVŞAĞI ARASI ORTA VE YAN REFÜJLER,Sancaktepe,40.95038049,29.21985090
41.0531616210938,28.7567138671875,Park,HASANOĞLU DERESİ PARKI,Küçükçekmece,41.05683250,28.75742158
40.8773803710938,29.3170166015625,Cadde (Kavşak ve Refüj),AYDINLI KAVŞAĞI KAVŞAK ORTA VE YAN REFÜJLER,Tuzla,40.87936599,29.31339025
41.0531616210938,28.7127685546875,"Karayolu (Kavşak, Şev-Yamaç ve Refüj)",TEM TAHTAKALE KÖPRÜSÜ - TEM ISPARTAKULE VİYADÜK ARASI ORTA VE YAN REFÜJLER,Başakşehir,41.05667664,28.71123648
41.1300659179688,28.4710693359375,"Karayolu (Kavşak, Şev-Yamaç ve Refüj)",ÇATALCA ÇAKIL KAVŞAĞI,Çatalca,41.13081537,28.47339749
41.1300659179688,28.4710693359375,"Karayolu (Kavşak, Şev-Yamaç ve Refüj)",ÇATALCA ÇAKIL KAVŞAĞI - ÇATALCA ARASI ORTA VE YAN REFÜJLER,Çatalca,41.13255277,28.47091913
41.0421752929688,28.9324951171875,Cadde (Kavşak ve Refüj),EYÜP BULVARI ORTA VE YAN REFÜJLER,Eyüpsultan,41.04622288,28.93248439
41.0421752929688,28.9324951171875,Cadde (Kavşak ve Refüj),FESHANE ALİBEYKÖY MERKEZ ARASI ORTA VE YAN REFÜJLER,Eyüpsultan,41.04330382,28.93762350
41.0421752929688,28.9324951171875,"Karayolu (Kavşak, Şev-Yamaç ve Refüj)",M. FEVZİ ÇAKMAK CADDESİ - FSM BULVARI ARASI ORTA VE YAN REFÜJLER,Eyüpsultan,41.04622288,28.93248439
41.0421752929688,28.9324951171875,Park,OTAĞCILAR PARKI,Eyüpsultan,41.03948234,28.93582374
41.0421752929688,28.9324951171875,Kamu,EYÜP FESHANE TASAVVUF VE OSMANLI KIYAFETLERİ MÜZESİ,Eyüpsultan,41.04420201,28.93762887
41.0421752929688,28.8116455078125,"Karayolu (Kavşak, Şev-Yamaç ve Refüj)",GÜNEŞLİ - HALKALI KAVŞAĞI ARASI ORTA VE YAN REFÜJLER,Bağcılar,41.03802080,28.81067203
41.0421752929688,28.8116455078125,"Karayolu (Kavşak, Şev-Yamaç ve Refüj)",HALKALI KAVŞAĞI - İKİTELLİ KAVŞAĞI ARASI ORTA VE YAN REFÜJLER,Küçükçekmece,41.04264771,28.8092020
41.0147094726563,28.7677001953125,Cadde (Kavşak ve Refüj),HALKALI İSTASYON CADDESİ ORTA REFÜJLER,Küçükçekmece,41.017949,28.768483
40.9817504882813,28.8226318359375,Kamu,HAVAALANI CUMHURBAŞKANLIĞI DEVLET KONUK EVİ BAHÇESİ,Bakırköy,40.98181360,28.81898403
41.0256958007813,28.9874267578125,Park,TOPHANE PARKI,Beyoğlu,41.02709388,28.98185313
40.9982299804688,28.8006591796875,"Karayolu (Kavşak, Şev-Yamaç ve Refüj)",ÇOBANÇEŞME KAVŞAĞI - FLORYA KAVŞAĞI ARASI ORTA VE YAN REFÜJLER,Küçükçekmece,40.99905900,28.79970431
40.9707641601563,28.7896728515625,Park,FLORYA SAHİL PARKI,Bakırköy,40.97004532,28.79125272
40.9707641601563,28.7896728515625,Park,KAYALI BAHÇE PARKI,Bakırköy,40.97300068,28.78923982
40.9707641601563,28.7896728515625,Kamu,L MOTEL - GÜNEŞ MOTEL BAHÇESİ,Bakırköy,40.97245815,28.78695846
41.0421752929688,28.6907958984375,"Karayolu (Kavşak, Şev-Yamaç ve Refüj)",BAHÇEŞEHİR KÖPRÜLÜ KAVŞAĞI - ESENYURT KÖPRÜLÜ KAVŞAĞI ARASI ORTA VE YAN REFÜJLER,Başakşehir / Esenyurt,41.04313875,28.69068861
41.0092163085938,28.6688232421875,"Karayolu (Kavşak, Şev-Yamaç ve Refüj)",HARAMİDERE KAVŞAĞI - BİZİMKENT KAVŞAĞI ARASI ORTA VE YAN REFÜJLER,Beylikdüzü,41.00598043,28.67202371
41.0092163085938,28.6688232421875,Kent Ormanı,YAKUPLU B TİPİ MESİRE ALANI,Beylikdüzü,41.005,28.669
41.0037231445313,28.6688232421875,"Karayolu (Kavşak, Şev-Yamaç ve Refüj)",HARAMİDERE KAVŞAĞI - BİZİMKENT KAVŞAĞI ARASI ORTA VE YAN REFÜJLER,Beylikdüzü,41.00598043,28.67202371
41.0037231445313,28.6688232421875,Kent Ormanı,YAKUPLU B TİPİ MESİRE ALANI,Beylikdüzü,41.005,28.669
41.0696411132813,28.9544677734375,Mesire Alanı,SADABAT MESİRE ALANI - 1,Kağıthane,41.06725129,28.95825505
41.0696411132813,28.9544677734375,Mesire Alanı,SADABAT MESİRE ALANI - 2,Kağıthane,41.06834328,28.95996094
41.0696411132813,28.9544677734375,Mesire Alanı,SADABAT MESİRE ALANI - 4,Kağıthane,41.06634532,28.95394742
41.0696411132813,28.9544677734375,"Karayolu (Kavşak, Şev-Yamaç ve Refüj)",HASDAL KAVŞAĞI OKMEYDANI KAVŞAĞI ARASI 2. KISIM ORTA VE YAN REFÜJLER,Kağıthane,41.07101251,28.95705342
41.1520385742188,28.4600830078125,Kamu,İBB ÇATALCA KALEİÇİ ÇEM BAHÇESİ,Çatalca,41.14947997,28.46169233
41.0311889648438,28.8336181640625,Park,BAĞCILAR HÜRRİYET MAHALLESİ PAZAR YERİ PARKI,Bağcılar,41.02945608,28.83270395
41.0311889648438,28.8336181640625,Park,BAĞCILAR KİRAZLI MAHALLESİ ZEMİN ÜSTÜ PARKI,Bağcılar,41.03273441,28.83470443
41.0586547851563,28.6798095703125,"Karayolu (Kavşak, Şev-Yamaç ve Refüj)",TEM AVCILAR KAVŞAĞI,Başakşehir / Avcılar,41.05605855,28.68301105
40.8828735351563,29.2401123046875,"Karayolu (Kavşak, Şev-Yamaç ve Refüj)",BAHÇELİEVLER MAHALLESİ ZÜMRÜT CADDESİ ÜÇGEN ORTA REFÜJLER,Pendik,40.88489000,29.23814892
40.8828735351563,29.2401123046875,Cadde (Kavşak ve Refüj),PENDİK İLHAMİ SOYSAL BULVARI ORTA REFÜJLER,Pendik,40.88137772,29.23975288
41.0971069335938,29.0423583984375,Park,BALTALİMANI YAŞAM VADİSİ,Sarıyer,41.0985487,29.0474801
41.0916137695313,28.5150146484375,"Karayolu (Kavşak, Şev-Yamaç ve Refüj)",ÇATALCA AHMEDİYE KAVŞAĞI,Çatalca,41.08716311,28.51485372
40.8773803710938,29.2401123046875,Cadde (Kavşak ve Refüj),PENDİK İLHAMİ SOYSAL BULVARI ORTA REFÜJLER,Pendik,40.88137772,29.23975288
40.8773803710938,29.2401123046875,Kamu,İETT DURAKLARI VE PAZAR YERİ ORTA VE YAN REFÜJLER,Pendik,40.87438100,29.24421608
40.8773803710938,29.2401123046875,Park,TAHSİN ARCAN PARKI,Pendik,40.87686300,29.23889400
40.8938598632813,29.2071533203125,Kamu,İBB YUNUS MAHALLESİ ÇEM BAHÇESİ,Kartal,40.89521891,29.20985699
41.0971069335938,28.9874267578125,Cadde (Kavşak ve Refüj),İSBAK ÜSTÜ YAN REFÜJLER,Eyüpsultan,41.09454562,28.98522198
41.0971069335938,28.9874267578125,Park,SEYRANTEPE 700. YIL PARKI,Kağıthane,41.09735123,28.98944914
41.0147094726563,28.8226318359375,Kamu,İBB DR. ENVER ÖREN KÜLTÜR MERKEZİ BAHÇESİ,Bahçelievler,41.01319835,28.81908899
41.0147094726563,28.8226318359375,Kamu,İBB BAHÇELİEVLER YENİBOSNA MERKEZ ÇEM BAHÇESİ,Bahçelievler,41.01319835,28.81908899
41.0421752929688,28.8665771484375,Kamu,HAKKI BAŞAR SPOR KOMPLEKSİ BAHÇESİ,Esenler,41.04542789,28.86624992
40.9707641601563,29.0423583984375,Kamu,FENERBAHÇE ORDUEVİ BAHÇESİ,Kadıköy,40.96941632,29.04449344
41.0696411132813,28.3831787109375,"Karayolu (Kavşak, Şev-Yamaç ve Refüj)",TEM SELİMPAŞA KAVŞAĞI,Silivri,41.07013734,28.38511848
40.9982299804688,29.0313720703125,"Karayolu (Kavşak, Şev-Yamaç ve Refüj)",ACIBADEM CADDESİ ORTA REFÜJ,Kadıköy,40.99723506,29.03654069
40.9982299804688,29.0313720703125,"Karayolu (Kavşak, Şev-Yamaç ve Refüj)",AYRILIKÇEŞME MARMARAY DURAKLARI ÇEVRESİ,Kadıköy,41.00076547,29.02981907
40.9982299804688,29.0313720703125,Cadde (Kavşak ve Refüj),PARİS MAHALLESİ ORTA REFÜJ,Kadıköy,40.995668,29.032209
40.9652709960938,29.2181396484375,"Karayolu (Kavşak, Şev-Yamaç ve Refüj)",SAMANDIRA KAVŞAĞI,Sancaktepe,40.96867914,29.21855807
40.9927368164063,29.0423583984375,"Karayolu (Kavşak, Şev-Yamaç ve Refüj)",SÖĞÜTLÜÇEŞME KAVŞAĞI - UZUNÇAYIR KAVŞAĞI ARASI YAN REFÜJLER,Kadıköy,40.991738,29.041842
40.9927368164063,29.0423583984375,Kamu,HASANPAŞA GAZHANESİ,Kadıköy,40.995546,29.043128
41.0037231445313,28.8775634765625,Kamu,BAHÇELİEVLER YÜZME HAVUZU BAHÇESİ,Bahçelievler,41.00213386,28.88054341
41.0421752929688,28.7677001953125,Park,MENEKŞE DERESİ PARKI,Küçükçekmece,41.03955850,28.77105899
40.9817504882813,29.0533447265625,Cadde (Kavşak ve Refüj),KADIKÖY MİNİBÜS CADDESİ ORTA VE YAN REFÜJLER,Kadıköy,40.985051,29.051564
40.9872436523438,29.0863037109375,"Karayolu (Kavşak, Şev-Yamaç ve Refüj)",GÖZTEPE KAVŞAĞI - KOZYATAĞI ARASI YAN REFÜJLER,Kadıköy,40.988565,29.084164
40.9927368164063,29.0753173828125,"Karayolu (Kavşak, Şev-Yamaç ve Refüj)",GÖZTEPE KAVŞAĞI,Kadıköy,40.993590,29.073116
41.1245727539063,29.1302490234375,Cadde (Kavşak ve Refüj),POLONEZKÖY KAVŞAĞI,Beykoz,41.12185690,29.12984937
41.1245727539063,29.1302490234375,Cadde (Kavşak ve Refüj),POLONEZKÖY KAVŞAĞI - RİVA BAĞLANTI YOLU ARASI ORTA VE YAN REFÜJLER,Beykoz,41.12146491,29.13393438
40.9927368164063,28.7896728515625,"Karayolu (Kavşak, Şev-Yamaç ve Refüj)",FLORYA KAVŞAĞI,Küçükçekmece / Bakırköy,40.99058061,28.79172206
41.0476684570313,28.4710693359375,"Karayolu (Kavşak, Şev-Yamaç ve Refüj)",TEM KUMBURGAZ KAVŞAĞI - E5 KUMBURGAZ KAVŞAĞI ARASI ORTA VE YAN REFÜJLER,Büyükçekmece,41.04971224,28.46945572
40.9432983398438,29.1632080078125,Park,HACI BAYRAM VELİ CADDESİ PARKI,Maltepe,40.94282378,29.16028976
40.9432983398438,29.1632080078125,Park,KANUNİ SULTAN SÜLEYMAN PARKI,Maltepe,40.94566423,29.16414142
41.1465454101563,28.4600830078125,Kamu,İBB ÇATALCA KALEİÇİ ÇEM BAHÇESİ,Çatalca,41.14947997,28.46169233
41.0531616210938,28.4710693359375,"Karayolu (Kavşak, Şev-Yamaç ve Refüj)",TEM KUMBURGAZ KAVŞAĞI - E5 KUMBURGAZ KAVŞAĞI ARASI ORTA VE YAN REFÜJLER,Büyükçekmece,41.04971224,28.46945572
40.9158325195313,29.1302490234375,Park,İDEALTEPE - DRAGOS ARASI KARA VE SAHİL PARKI,Maltepe,40.91664562,29.13070416
41.0202026367188,29.0753173828125,"Karayolu (Kavşak, Şev-Yamaç ve Refüj)",BULGURLU KAVŞAĞI,Üsküdar,41.02063874,29.07500625
41.0202026367188,29.0753173828125,Metro Çıkışı,BULGURLU METRO İSTASYONU,Üsküdar,41.01633226,29.07609254
41.0202026367188,29.0753173828125,Cadde (Kavşak ve Refüj),LİBADİYE CADDESİ ORTA REFÜJ - 1,Üsküdar,41.01856244,29.07529593
41.0202026367188,29.0753173828125,Cadde (Kavşak ve Refüj),NAMAZGAH ORTA VE YAN REFÜJLER,Üsküdar,41.02254258,29.07850232
41.0202026367188,29.0753173828125,Kamu,İSKİ BULGURLU YERLİ SUYU MEMBA ALANI,Üsküdar,41.02034328,29.06944335
40.9817504882813,28.7786865234375,Kamu,İBB BAKIRKÖY ŞENLİKKÖY ÇEM BAHÇESİ,Bakırköy,40.983193,28.781990
41.0202026367188,28.9105224609375,Cadde (Kavşak ve Refüj),VATAN CADDESİ KAVŞAĞI - OSMANİYE KAVŞAĞI ARASI ORTA VE YAN REFÜJLER,Zeytinburnu,41.01935573,28.91628385
41.0366821289063,28.8995361328125,Cadde (Kavşak ve Refüj),DAVUTPAŞA ORTA VE YAN REFÜJLER,Bayrampaşa / Güngören,41.03586700,28.89410734
41.0421752929688,29.0753173828125,Cadde (Kavşak ve Refüj),BOSNA BULVARI ORTA REFÜJ,Üsküdar,41.04423196,29.07704107
40.9652709960938,29.1192626953125,,FINDIKLI SOSYAL YAŞAM MERKEZİ BAHÇESİ,Maltepe,40.96795971,29.12309137
41.1355590820313,28.4710693359375,"Karayolu (Kavşak, Şev-Yamaç ve Refüj)",ÇATALCA ÇAKIL KAVŞAĞI - ÇATALCA ARASI ORTA VE YAN REFÜJLER,Çatalca,41.13255277,28.47091913
41.1959838867188,28.0865478515625,"Karayolu (Kavşak, Şev-Yamaç ve Refüj)",TEM ÇERKEZKÖY KAVŞAĞI,Silivri,41.19203155,28.08520031
41.0037231445313,28.6907958984375,Park,SAADETDERE MAHALLE PARKI,Esenyurt,41.00435845,28.69533017
41.0037231445313,28.6907958984375,"Karayolu (Kavşak, Şev-Yamaç ve Refüj)",AVCILAR KAVŞAĞI - AMBARLI KAVŞAĞI ARASI YAN REFÜJLER,Avcılar,41.00065414,28.68969619
41.0366821289063,29.1741943359375,Park,SERİNDERE YAŞAM VADİSİ 1. ETAP,Çekmeköy,41.03480261,29.17526822
41.0366821289063,29.1741943359375,Cadde (Kavşak ve Refüj),ÇAVUŞBAŞI CADDESİ ORTA VE YAN REFÜJLER,Çekmeköy,41.0343325,29.1748675
40.9872436523438,29.1192626953125,Cadde (Kavşak ve Refüj),AHMET YESEVİ CADDESİ ORTA VE YAN REFÜJLER,Ataşehir,40.98777043,29.12033558
41.1080932617188,29.0863037109375,Park,BURUNBAHÇE MESİRE ALANI - 2,Beykoz,41.11212525,29.08593625
41.1080932617188,29.0863037109375,"Karayolu (Kavşak, Şev-Yamaç ve Refüj)",ÇUBUKLU KAVŞAĞI,Beykoz,41.10716996,29.08501625
41.1080932617188,29.0863037109375,Kamu,ÇUBUKLU İSTİNYE ARABALI VAPUR İSKELESİ BAHÇESİ,Beykoz,41.10817236,29.08250034
41.1080932617188,29.0863037109375,"Karayolu (Kavşak, Şev-Yamaç ve Refüj)",DEDEOĞLU ORTA VE YAN REFÜJLER,Beykoz,41.10701636,29.08830464
41.1080932617188,29.0863037109375,Park,DEDEOĞLU PARKI,Beykoz,41.10718208,29.08727467
41.1080932617188,29.0753173828125,Koru,HİDİV KORUSU,Beykoz,41.10483000,29.07460000
40.9872436523438,29.1302490234375,Kamu,KÜÇÜKBAKKALKÖY ATIK AKTARMA İSTASYONU BAHÇESİ,Ataşehir,40.98495204,29.13012028
41.0311889648438,28.9324951171875,Kamu,EDİRNEKAPI İBB HİZMET BİRİMLERİ BAHÇESİ,Fatih,41.02764426,28.93069267
41.0311889648438,28.9324951171875,Cadde (Kavşak ve Refüj),EDİRNEKAPI KAVŞAĞI - VATAN CADDESİ KAVŞAĞI ARASI ORTA VE YAN REFÜJLER,Bakırköy,41.02945319,28.93378258
41.0311889648438,28.9324951171875,Park,ŞEHİT MEHMET HÜSEYİN BALTA PARKI,Fatih,41.02979312,28.93634140
41.0311889648438,28.9324951171875,Cadde (Kavşak ve Refüj),EDİRNEKAPI SUR DİPLERİ,Fatih,41.02945319,28.93378258
41.0311889648438,28.9324951171875,Kamu,EDİRNEKAPI İETT GARAJI,Fatih,41.02852243,28.92932475
41.0311889648438,28.9324951171875,Park,HABEŞ PARKI,Eyüpsultan,41.03212400,28.93679202
40.9872436523438,28.6907958984375,"Karayolu (Kavşak, Şev-Yamaç ve Refüj)",HARAMİDERE KAVŞAĞI AVCILAR DOLUM TESİSLERİ ARASI (SARI ZEYBEK CADDESİ),Beylikdüzü / Avcılar,40.98850949,28.69274166
41.1849975585938,28.9874267578125,"Karayolu (Kavşak, Şev-Yamaç ve Refüj)",NEŞET SUYU TABİAT PARKI BAHÇE KÖY ÇIKIŞ YOLU YAN REFÜJLER,Sarıyer,41.18415946,28.98838566
41.1849975585938,28.9874267578125,"Karayolu (Kavşak, Şev-Yamaç ve Refüj)",NEŞET SUYU TABİAT PARKI BAHÇE KÖY GİRİŞ YOLU YAN REFÜJLER,Sarıyer,41.18415946,28.98838566
41.2069702148438,29.0313720703125,Cadde (Kavşak ve Refüj),ZEKERİYAKÖY - KUMKÖY CADDESİ ORTA VE YAN REFÜJLER,Sarıyer,41.20853353,29.02625793
41.0531616210938,29.0313720703125,Park,CEMİL TOPUZLU PARKI,Beşiktaş,41.05475277,29.03471947
41.0531616210938,29.0313720703125,Kamu,DEFTERDAR İBRAHİM PAŞA CAMİ BAHÇESİ,Beşiktaş,41.05106747,29.03317451
41.0531616210938,29.0313720703125,Kamu,TRT ULUS BAHÇESİ,Beşiktaş,41.05715738,29.03047137
41.0037231445313,28.9764404296875,Park,ÇATLADIKAPI SAHİL PARKI,Fatih,41.00159744,28.97589326
41.0037231445313,28.9764404296875,Meydan,SULTANAHMET MEYDANI CAMİ BAHÇESİ VE ÇEVRESİ,Fatih,41.00732579,28.97808194
41.0476684570313,29.0423583984375,Park,BEYLERBEYİ PARKI,Üsküdar,41.04365278,29.04265746
40.9213256835938,29.1302490234375,Park,HÜSEYİN NİHAL ATSIZ PARKI,Maltepe,40.92189798,29.12725552
40.9213256835938,29.1302490234375,Park,MALTEPE ÇAMLIK PARKI,Maltepe,40.925466,29.129888
40.9213256835938,29.1302490234375,Meydan,MALTEPE CUMHURİYET MEYDANI,Maltepe,40.925032,29.131287
40.9213256835938,29.1302490234375,,MALTEPE ADALET MEYDANI,Maltepe,40.92286600,29.12650129
41.0092163085938,28.9764404296875,Kamu,İSTANBUL VALİLİĞİ BAHÇESİ,Fatih,41.01228861,28.97661209
41.0092163085938,28.9764404296875,Meydan,SULTANAHMET MEYDANI CAMİ BAHÇESİ VE ÇEVRESİ,Fatih,41.00732579,28.97808194
41.0092163085938,28.9764404296875,Park,TURŞUCUZADE KONAĞI PARKI,Fatih,41.00826495,28.97790492
41.0366821289063,28.9764404296875,Cadde (Kavşak ve Refüj),KASIMPAŞA STADI ETRAFI,Beyoğlu,41.03347151,28.97421956
41.0366821289063,28.9764404296875,Park,SURURİ PARKI,Beyoğlu,41.03748958,28.97150517
41.0366821289063,28.9764404296875,Cadde (Kavşak ve Refüj),TARLABAŞI - AZAPKAPI ARASI ORTA VE YAN REFÜJLER,Beyoğlu,41.03619071,28.97899389
40.9432983398438,29.1192626953125,Koru,İDEALTEPE 50. YIL KORUSU,Maltepe,40.94115429,29.12302315
41.0641479492188,28.8336181640625,Kamu,İSTANBUL BÖLGE İDARE MAHKEMESİ BAHÇESİ,Bağcılar,41.06216318,28.82882237
41.0586547851563,28.8446044921875,Metro Çıkışı,GÖZTEPE METRO ÇIKIŞI,Bağcılar,41.05672680,28.84666443
41.0641479492188,28.8446044921875,"Karayolu (Kavşak, Şev-Yamaç ve Refüj)",GİYİMKENT - BATIŞEHİR - MAHMUTBEY - İSTOÇ ARASI ORTA VE YAN REFÜJLER,Esenler / Bağcılar,41.06556878,28.84370327
41.1080932617188,28.7896728515625,Park,BAŞAKŞEHİR 2. ETAP KORU PARKI,Başakşehir,41.10538900,28.78594500
41.1080932617188,28.7896728515625,Cadde (Kavşak ve Refüj),BAŞAKŞEHİR HÜRRİYET BULVARI ORTA VE YAN REFÜJLER,Başakşehir,41.10884736,28.79542351
41.1080932617188,28.7896728515625,Park,BAŞAKŞEHİR ONURKENT PARKI - 2,Başakşehir,41.10798946,28.79487500
41.1026000976563,28.7896728515625,Park,BAŞAKŞEHİR 2. ETAP KORU PARKI,Başakşehir,41.10538900,28.78594500
41.1026000976563,28.7896728515625,Kamu,İBB BAŞAKŞEHİR KÜLTÜR MERKEZİ BAHÇESİ,Başakşehir,41.10417882,28.78534913
41.0147094726563,29.2071533203125,"Karayolu (Kavşak, Şev-Yamaç ve Refüj)",SARIGAZİ KAVŞAĞI,Çekmeköy,41.01573322,29.20529503
41.0696411132813,28.8555908203125,"Karayolu (Kavşak, Şev-Yamaç ve Refüj)",GİYİMKENT CADDESİ - TEM KUZEY YAN YOL ARASI KAVŞAĞI,Esenler,41.06842416,28.85876119
41.0476684570313,28.8995361328125,Park,KOCATEPE PARKI,Bayrampaşa,41.04894359,28.89517486
41.0476684570313,28.8995361328125,Park,BAYRAMPAŞA TUNA CADDESİ PARKI,Bayrampaşa,41.04531461,28.90441775
41.0476684570313,28.8995361328125,Kamu,İBB BAYRAMPAŞA İSMETPAŞA ÇEM BAHÇESİ,Bayrampaşa,41.04355062,28.90144587
41.0696411132813,28.8116455078125,"Karayolu (Kavşak, Şev-Yamaç ve Refüj)",A 0 KAVŞAĞI,Başakşehir,41.06614310,28.81118417
41.0696411132813,28.8116455078125,Cadde (Kavşak ve Refüj),YAŞAR DOĞU BULVARI ORTA VE YAN REFÜJLER,Başakşehir,41.07347135,28.81396294
40.9982299804688,28.8446044921875,Park,ŞEHİT YARBAY CESUR PARKI,Bağcılar,40.99611469,28.84879930
41.0037231445313,29.2620849609375,Cadde (Kavşak ve Refüj),ATAYOLU CADDESİ,Sultanbeyli,41.00401434,29.26146269
40.9323120117188,29.3499755859375,Cadde (Kavşak ve Refüj),AKFIRAT - ORHANLI - TEPEÖREN YOLU ORTA VE YAN REFÜJLER,Tuzla,40.93272925,29.34844136
40.9323120117188,29.3499755859375,"Karayolu (Kavşak, Şev-Yamaç ve Refüj)",ORHANLI KAVŞAĞI,Pendik / Tuzla,40.93059750,29.34767962
40.9323120117188,29.3499755859375,Cadde (Kavşak ve Refüj),ORHANLI YOLU ORTA VE YAN REFÜJLER,Tuzla,40.93272520,29.34843063
40.9817504882813,28.8555908203125,Cadde (Kavşak ve Refüj),ADNAN KAHVECİ BULVARI ORTA REFÜJ,Bakırköy,40.97882891,28.85108471
40.9817504882813,28.8555908203125,Metro Çıkışı,ATAKÖY METRO İSTASYONU ÇEVRESİ,Bakırköy,40.980062,28.856231
40.9158325195313,29.3170166015625,"Karayolu (Kavşak, Şev-Yamaç ve Refüj)",HAVALİMANI TERMİNAL KAVŞAĞI - HAVALİMANI BAĞLANTI KAVŞAĞI ARASI,Pendik,40.91462333,29.31851863
40.9927368164063,28.8775634765625,Kamu,BAKIRKÖY ADLİYE BİNASI BAHÇESİ,Bakırköy,40.99549003,28.87867659
41.1685180664063,29.0533447265625,Park,HİDAYETİN BAĞI PARKI,Sarıyer,41.17199611,29.05598121
41.0256958007813,29.1302490234375,"Karayolu (Kavşak, Şev-Yamaç ve Refüj)",ŞİLE BAĞLANTI KAVŞAĞI,Ümraniye,41.02789202,29.13057404
41.0256958007813,29.1302490234375,"Karayolu (Kavşak, Şev-Yamaç ve Refüj)",TEPEÜSTÜ KAVŞAĞI,Ümraniye,41.02154938,29.12833929
41.0256958007813,29.1302490234375,Kamu,İBB YEŞİL VADİ SPOR TESİSİ BAHÇESİ,Ümraniye,41.02818399,29.12774150
40.8993530273438,29.3499755859375,Cadde (Kavşak ve Refüj),FETTAH BAŞARAN CADDESİ,Tuzla,40.89727506,29.35510920
40.9982299804688,28.8775634765625,Kamu,BAKIRKÖY ADLİYE BİNASI BAHÇESİ,Bakırköy,40.99549003,28.87867659
41.0586547851563,28.7567138671875,Park,HASANOĞLU DERESİ PARKI,Küçükçekmece,41.05683250,28.75742158
41.0641479492188,28.9544677734375,Cadde (Kavşak ve Refüj),GÖÇMEN BLOKLARI YAN REFÜJLER,Kağıthane,41.06266068,28.95580888
41.0641479492188,28.9544677734375,Kamu,KAĞITHANE İETT BAHÇESİ,Kağıthane,41.06532813,28.95882905
41.0641479492188,28.9544677734375,Mesire Alanı,KAĞITHANE MESİRE ALANI,Kağıthane,41.06431091,28.94990802
41.0641479492188,28.9544677734375,"Karayolu (Kavşak, Şev-Yamaç ve Refüj)",KAĞITHANE SADABAT TÜNEL ÇIKIŞI ORTA VE YAN REFÜJLER,Kağıthane,41.06432709,28.95358801
41.0641479492188,28.9544677734375,Cadde (Kavşak ve Refüj),KAZIM KARABEKİR CADDESİ - SÜNNET KÖPRÜSÜ ARASI ORTA VE YAN REFÜJLER,Eyüpsultan,41.06416,28.95073
41.0641479492188,28.9544677734375,Park,MERMERCİLER PARKI,Kağıthane,41.06339176,28.95085350
41.0641479492188,28.9544677734375,Mesire Alanı,SADABAT MESİRE ALANI - 1,Kağıthane,41.06725129,28.95825505
41.0641479492188,28.9544677734375,Mesire Alanı,SADABAT MESİRE ALANI - 4,Kağıthane,41.06634532,28.95394742
41.0641479492188,28.9544677734375,Park,EMNİYETTEPE PARKI,Eyüpsultan,41.06589638,28.94909263
41.0641479492188,28.9544677734375,"Karayolu (Kavşak, Şev-Yamaç ve Refüj)",HASDAL KAVŞAĞI OKMEYDANI KAVŞAĞI ARASI 1. KISIM ORTA VE YAN REFÜJLER,Kağıthane,41.06183960,28.95888805
40.8773803710938,29.3280029296875,Park,HACET DERESİ PARKI,Tuzla,40.87482720,29.32693005
41.0916137695313,28.5040283203125,"Karayolu (Kavşak, Şev-Yamaç ve Refüj)",TEM ÇATALCA KAVŞAĞI,Çatalca,41.08923968,28.50818682
40.9323120117188,29.1522216796875,Kamu,İBB MALTEPE GÜLSUYU ÇEM BAHÇESİ,Maltepe,40.931505,29.155038
41.0806274414063,28.9544677734375,Park,ALİBEYKÖY MERKEZ PARKI,Eyüpsultan,41.08068758,28.94876808
41.0806274414063,28.9544677734375,Park,Ç.MESKEN - GÖÇMEN BLOKLARI PARKI,Eyüpsultan,41.08155897,28.95928502
41.0806274414063,28.9544677734375,Park,ÇOBAN ÇEŞME PARKI,Eyüpsultan,41.08084730,28.95092726
41.0806274414063,28.9544677734375,Cadde (Kavşak ve Refüj),ÇOBANÇEŞME OKUL ÜSTÜ,Eyüpsultan,41.08141340,28.95390451
41.0806274414063,28.9544677734375,Park,GÜZELTEPE PARKI,Eyüpsultan,41.08075834,28.95801902
41.0806274414063,28.9544677734375,Park,ALİBEYKÖY LOJİSTİK MERKEZİ,Eyüpsultan,41.08455114,28.95161390
41.0861206054688,28.9544677734375,Park,ALİBEYKÖY LOJİSTİK MERKEZİ,Eyüpsultan,41.08455114,28.95161390
41.2344360351563,28.8555908203125,Park,ODAYERİ MAHALLE PARKI,Eyüpsultan,41.23523644,28.85244191
40.9158325195313,29.1851806640625,Kamu,İBB KARTAL EK HİZMET BİNASI BAHÇESİ,Kartal,40.91349231,29.18525577
41.0916137695313,28.6468505859375,Park,HOŞDERE MİLLET PARKI,Başakşehir,41.09266975,28.65003705
41.0586547851563,28.6907958984375,"Karayolu (Kavşak, Şev-Yamaç ve Refüj)",TEM ISPARTAKULE VİYADÜK - TEM AVCILAR KAVŞAĞI ARASI ORTA VE YAN REFÜJLER,Başakşehir / Avcılar,41.05672195,28.68818235
41.0696411132813,28.9984130859375,Meydan,MECİDİYEKÖY MEYDANI,Şişli,41.06614917,28.99514347
40.9378051757813,29.3060302734375,Park,DEDEPAŞA CADDESİ PARKI,Pendik,40.93916869,29.31126595
40.9158325195313,29.3389892578125,"Karayolu (Kavşak, Şev-Yamaç ve Refüj)",HAVALİMANI BAĞLANTI KAVŞAĞI - ORHANLI KAVŞAĞI ARASI ORTA VE YAN REFÜJLER,Pendik / Tuzla,40.91729069,29.33582962
41.0311889648438,28.5479736328125,Kamu,İBB BÜYÜKÇEKMECE TEPECİK ÇEM BAHÇESİ,Büyükçekmece,41.03221910,28.55193257
40.9927368164063,29.1851806640625,"Karayolu (Kavşak, Şev-Yamaç ve Refüj)",MALTEPE BAŞIBÜYÜK - SAMANDIRA ARASI ORTA VE YAN REFÜJLER,Maltepe,40.989985,29.185671
41.1465454101563,28.6248779296875,Kamu,İBB ARNAVUTKÖY HADIMKÖY ÇEM BAHÇESİ,Arnavutköy,41.146814,28.626209
41.0641479492188,28.3831787109375,"Karayolu (Kavşak, Şev-Yamaç ve Refüj)",TEM SELİMPAŞA KAVŞAĞI - E5 SELİMPAŞA KAVŞAĞI ARASI YAN REFÜJLER,Silivri,41.06466926,28.37950087
40.9048461914063,29.3719482421875,Cadde (Kavşak ve Refüj),TUZLA DEMOKRASİ CADDESİ ORTA REFÜJ,Tuzla,40.90244454,29.37473238
40.9048461914063,29.1522216796875,Park,İBB SOSYAL TESİSLER - KARTAL İDO ARASI KARA VE SAHİL PARKI,Kartal,40.90192961,29.14959848
41.0421752929688,28.8555908203125,Park,AZERBAYCAN DOSTLUK PARKI,Bağcılar,41.04378607,28.85507208
40.9103393554688,29.1522216796875,Cadde (Kavşak ve Refüj),ÜSKÜDAR CADDESİ ORTA VE YAN REFÜJLER,Kartal,40.91091196,29.15576756
40.9103393554688,29.1522216796875,Kamu,İBB MALTEPE YÜKSEKÖĞRENİM KIZ ÖĞRENCİ YURDU BAHÇESİ,Maltepe,40.91190143,29.15367036
41.0092163085938,28.9215087890625,Cadde (Kavşak ve Refüj),10. YIL CADDESİ YAN REFÜJLER,Zeytinburnu,41.00624898,28.92107964
41.0037231445313,28.9324951171875,Park,NADİR NADİ PARKI,Fatih,41.00041932,28.93406153
41.0256958007813,28.9215087890625,Kamu,ANIT MEZAR ÇEVRESİ,Fatih,41.02507849,28.92690539
41.0256958007813,28.9215087890625,Park,TOPKAPI DEPREM PARKI,Zeytinburnu,41.02142796,28.92103672
41.0256958007813,28.9215087890625,Cadde (Kavşak ve Refüj),VATAN CADDESİ KAVŞAĞI,Fatih,41.02887045,28.92463624
41.0366821289063,28.9544677734375,Cadde (Kavşak ve Refüj),HASKÖY TÜNEL GİRİŞİ ORTA VE YAN REFÜJLER,Beyoğlu,41.03945199,28.95432830
41.2069702148438,29.0972900390625,Hatıra Ormanı,GARİPÇE 15 TEMMUZ ŞEHİTLERİ HATIRA ORMANI,Sarıyer,41.20765355,29.09832001
41.0421752929688,28.9544677734375,Park,ŞEHİT ŞEYHMUZ DEMİR PARKI,Beyoğlu,41.04060918,28.95029962
41.0421752929688,28.9544677734375,Cadde (Kavşak ve Refüj),HASKÖY TÜNEL GİRİŞİ ORTA VE YAN REFÜJLER,Beyoğlu,41.03945199,28.95432830
41.0092163085938,28.9654541015625,Meydan,BEYAZIT MEYDANI,Fatih,41.01031324,28.96388233
41.0092163085938,28.9654541015625,Kamu,İSTANBUL ÜNİVERSİTESİ BAHÇESİ,Fatih,41.01254767,28.96415591
41.0311889648438,28.9764404296875,Cadde (Kavşak ve Refüj),KASIMPAŞA STADI ETRAFI,Beyoğlu,41.03347151,28.97421956
41.0366821289063,28.9654541015625,Park,KADI MEHMET EFENDİ PARKI,Beyoğlu,41.03397732,28.96411568
41.0366821289063,28.9654541015625,Cadde (Kavşak ve Refüj),KASIMPAŞA HAMAM ÖNÜ,Beyoğlu,41.03381141,28.96816313
41.0586547851563,28.8336181640625,Park,ŞEHİT BEKÇİ KANSU TURAN PARKI,Bağcılar,41.05658455,28.83527261
41.0696411132813,28.8446044921875,"Karayolu (Kavşak, Şev-Yamaç ve Refüj)",GİYİMKENT - BATIŞEHİR - MAHMUTBEY - İSTOÇ ARASI ORTA VE YAN REFÜJLER,Esenler / Bağcılar,41.06556878,28.84370327
41.1245727539063,28.8336181640625,"Karayolu (Kavşak, Şev-Yamaç ve Refüj)",ARNAVUTKÖY - HABİBLER ARASI ORTA VE YAN REFÜJLER,Sultangazi,41.12751417,28.83287787
41.1300659179688,28.8336181640625,"Karayolu (Kavşak, Şev-Yamaç ve Refüj)",ARNAVUTKÖY - HABİBLER ARASI ORTA VE YAN REFÜJLER,Sultangazi,41.12751417,28.83287787
41.0971069335938,28.8995361328125,Park,GAZİ PARKI,Sultangazi,41.09576652,28.89964879
41.0971069335938,28.8995361328125,Kamu,75. YIL YÜZME HAVUZU BAHÇESİ,Sultangazi,41.09564120,28.90205204
41.0971069335938,28.8995361328125,Cadde (Kavşak ve Refüj),LÜTFİ AYKAÇ BULVARI (VEGA AVM ÖNÜ) KAVŞAĞI,Sultangazi,41.09409889,28.90340656
41.0971069335938,28.8995361328125,Kamu,İBB SULTANGAZİ YUNUS EMRE ÇEM BAHÇESİ,Sultangazi,41.0944885,28.8959524
41.0971069335938,28.7896728515625,Metro Çıkışı,BAŞAKKONUTLARI METRO İSTASYONU ÇIKIŞI,Başakşehir,41.09747858,28.79102200
41.0476684570313,28.9434814453125,"Karayolu (Kavşak, Şev-Yamaç ve Refüj)",HALICIOĞLU KAVŞAĞI,Beyoğlu,41.04810202,28.94435145
41.0476684570313,28.9434814453125,Park,HALICIOĞLU PARKI,Beyoğlu,41.04492621,28.94480109
41.0476684570313,28.9434814453125,Kamu,HALİÇ SU SPORLARI MERKEZİ BAHÇESİ,Beyoğlu,41.04476438,28.94432634
41.1355590820313,29.0423583984375,Cadde (Kavşak ve Refüj),TARABYA BAYIRI CADDESİ ORTA VE YAN REFÜJLER,Sarıyer,41.13586776,29.03917525
41.0696411132813,28.8006591796875,Metro Çıkışı,İKİTELLİ SANAYİ METRO İSTASYONU,Küçükçekmece,41.07302448,28.80187824
41.0696411132813,28.9764404296875,"Karayolu (Kavşak, Şev-Yamaç ve Refüj)",ÇAĞLAYAN KAVŞAĞI,Şişli,41.06785795,28.97802830
41.0751342773438,28.9764404296875,Ağaçlandırma Sahası,HARABELER ÜSTÜ VE SEDİMANTASYON PROJESİ,Kağıthane,41.07922984,28.97710562
41.0641479492188,28.7896728515625,Cadde (Kavşak ve Refüj),MASKO ÖNÜ YAMAÇLAR,Başakşehir,41.06537464,28.78713012
41.0641479492188,28.7896728515625,Cadde (Kavşak ve Refüj),TEM GİŞE YAMAÇLAR YAN REFÜJLER,Başakşehir,41.06305225,28.78481757
41.0971069335938,28.9654541015625,Cadde (Kavşak ve Refüj),TEK LOJMANLARI ÇEVRESİ,Kağıthane,41.09594036,28.96042764
41.0971069335938,28.9654541015625,"Karayolu (Kavşak, Şev-Yamaç ve Refüj)",HASDAL - OKMEYDANI ORTA REFÜJ,Kağıthane / Eyüp,41.09539055,28.96347463
41.0971069335938,28.9654541015625,"Karayolu (Kavşak, Şev-Yamaç ve Refüj)",HASDAL KAVŞAĞI,Eyüpsultan,41.09655888,28.96399498
41.0641479492188,28.7786865234375,"Karayolu (Kavşak, Şev-Yamaç ve Refüj)",TEM MAHMUTBEY GİŞELER - TEM TAHTAKALE KÖPRÜSÜ ARASI ORTA VE YAN REFÜJLER,Küçükçekmece,41.06226834,28.77606869
40.9927368164063,29.0313720703125,Cadde (Kavşak ve Refüj),PARİS MAHALLESİ ORTA REFÜJ,Kadıköy,40.995668,29.032209
41.1355590820313,28.9215087890625,"Karayolu (Kavşak, Şev-Yamaç ve Refüj)",KEMERBURGAZ OTOYOLU ORTA VE YAN REFÜJLER,Eyüpsultan,41.13813640,28.92056465
41.0751342773438,28.7127685546875,Cadde (Kavşak ve Refüj),AVCILAR AYDOS SOKAK ORTA REFÜJ VE KAVŞAĞI,Avcılar,41.07770777,28.71233511
41.0751342773438,28.6907958984375,Cadde (Kavşak ve Refüj),BAHÇEŞEHİR ISPARTAKULE CADDESİ YAN REFÜJ - CAMİ ÖNÜ,Başakşehir,41.07686423,28.69442225
40.9323120117188,29.1741943359375,Park,ESENKENT TATLISU PARKI,Maltepe,40.93445568,29.17126000
40.9323120117188,29.1741943359375,Park,ESENKENT ÖĞRENCİ PARKI,Kartal,40.93230169,29.17070210
41.0202026367188,29.0203857421875,Meydan,ÜSKÜDAR MİMAR SİNAN MEYDANI,Üsküdar,41.02350822,29.01684523
41.1685180664063,28.8995361328125,Cadde (Kavşak ve Refüj),SELANİK - İSTANBUL CADDELERİ ORTA VE YAN REFÜJLER,Eyüpsultan,41.17078829,28.90414953
41.0256958007813,29.0423583984375,"Karayolu (Kavşak, Şev-Yamaç ve Refüj)",BAĞLARBAŞI - KAPİTOL - ALTUNİZADE ARASI ORTA VE YAN REFÜJLER,Üsküdar,41.02243959,29.04530955
41.0202026367188,29.0643310546875,Park,KISIKLI MAHALLESİ PARKI,Üsküdar,41.02260100,29.06308400
41.0202026367188,29.0643310546875,Park,KISIKLI MEHMET AKİF ERSOY PARKI,Üsküdar,41.02260100,29.06308400
41.0202026367188,29.0643310546875,Kamu,İSKİ BULGURLU YERLİ SUYU MEMBA ALANI,Üsküdar,41.02034328,29.06944335
41.0202026367188,29.0643310546875,Koru,KÜÇÜK ÇAMLICA KORUSU,Üsküdar,41.01694200,29.06392800
41.0311889648438,28.8116455078125,"Karayolu (Kavşak, Şev-Yamaç ve Refüj)",GÜNEŞLİ KAVŞAĞI,Bağcılar,41.02779014,28.81130605
40.9597778320313,28.8336181640625,Park,DENİZ AKTAŞ PARKI,Bakırköy,40.96378000,28.83312400
40.9597778320313,28.8336181640625,Park,ÇINAR OTEL YANI PARKI,Bakırköy,40.95946360,28.83750468
40.9597778320313,28.8336181640625,Park,ÖZGÜRLÜK VE DEMOKRASİ PARKI,Bakırköy,40.95989909,28.83706748
40.9597778320313,28.8336181640625,Park,RÖNEPARK,Bakırköy,40.9570708,28.8316972
41.0092163085938,28.8116455078125,"Karayolu (Kavşak, Şev-Yamaç ve Refüj)",SEFAKÖY KAVŞAĞI,Küçükçekmece,41.01005090,28.81326278
41.0092163085938,28.8116455078125,Cadde (Kavşak ve Refüj),SEFAKÖY MALAZGİRT CADDESİ ORTA VE YAN REFÜJLER,Küçükçekmece,41.00790737,28.80809762
40.9982299804688,29.0972900390625,Cadde (Kavşak ve Refüj),3004 CADDESİ ORTA VE YAN REFÜJLER,Ümraniye,41.00160149,29.09926414
40.9982299804688,29.0972900390625,Park,DEPREM PARKI,Ataşehir,40.99982862,29.0946973
41.0366821289063,28.7677001953125,Park,MENEKŞE DERESİ PARKI,Küçükçekmece,41.03955850,28.77105899
41.0311889648438,28.7786865234375,Park,İSTASYON MAHALLESİ PARKI,Küçükçekmece,41.03144138,28.77805381
41.0092163085938,29.1082763671875,Park,ŞEHİTLİK PARKI,Ümraniye,41.01044075,29.10488874
41.1520385742188,29.5916748046875,Kamu,İBB ŞİLE SPOR KOMPLEKSİ BAHÇESİ,Şile,41.15503434,29.58853681
41.0311889648438,29.1082763671875,"Karayolu (Kavşak, Şev-Yamaç ve Refüj)",KÜÇÜKSU KAVŞAĞI,Ümraniye,41.02927108,29.10617352
40.9597778320313,28.8226318359375,Park,ŞEHİT GÜLŞEN BAHADIR PARKI,Bakırköy,40.95757375,28.82598728
40.9597778320313,28.8226318359375,Kamu,YEŞİLKÖY EMNİYET MÜDÜRLÜĞÜ LOJMANI BAHÇESİ,Bakırköy,40.96139188,28.82643521
40.9652709960938,28.8116455078125,Kamu,ÇİROZ ENGELLİLER KAMPI,Bakırköy,40.96196711,28.81249845
40.9652709960938,28.8116455078125,Kamu,İTFAİYE MÜFREZESİ BAHÇESİ,Bakırköy,40.96317428,28.80790651
40.9872436523438,28.7677001953125,Park,BALIKÇI ADASI PARKI,Küçükçekmece,40.98892738,28.77070481
40.9872436523438,28.7677001953125,Cadde (Kavşak ve Refüj),FLORYA KAVŞAĞI - KÜÇÜKÇEKMECE GÖLÜ ARASI ORTA VE YAN REFÜJLER,Avcılar / Küçükçekmece,40.98549660,28.76836924
41.0806274414063,28.2073974609375,"Karayolu (Kavşak, Şev-Yamaç ve Refüj)",ALİPAŞA KAVŞAĞI,Silivri,41.08147541,28.21122269
41.0476684570313,29.0093994140625,Park,YAHYA KEMAL PARKI,Beşiktaş,41.04866849,29.00877714
41.0476684570313,29.0093994140625,Kamu,YILDIZ HAMİDİYE CAMİ BAHÇESİ,Beşiktaş,41.04970617,29.00991708
41.0476684570313,29.0093994140625,Koru,YILDIZ KORUSU,Beşiktaş,41.04911500,29.01493300
40.9817504882813,28.7567138671875,Park,KÜÇÜKÇEKMECE MENEKŞE PARKI,Küçükçekmece,40.98207298,28.76177280
40.9817504882813,28.7567138671875,Park,KÜÇÜKÇEKMECE SAHİL PARKI,Küçükçekmece,40.97992796,28.75228186
41.0751342773438,29.0203857421875,Metro Çıkışı,NİSPETİYE METRO İSTASYONU ÇIKIŞI VE ÇEVRESİ,Beşiktaş,41.07731068,29.02424902
41.0751342773438,29.0203857421875,Cadde (Kavşak ve Refüj),ZİNCİRLİKUYU - AKMERKEZ YOLU ARASI ORTA VE YAN REFÜJLER,Sarıyer,41.07349561,29.02294993
41.0751342773438,29.0203857421875,Cadde (Kavşak ve Refüj),ZİNCİRLİKUYU - AKMERKEZ YOLU ARASI YAN REFÜJLER,Sarıyer,41.07349561,29.02294993
41.0806274414063,29.0093994140625,Cadde (Kavşak ve Refüj),SABANCI KAVŞAĞI,Beşiktaş,41.08418724,29.00916338
41.0806274414063,29.0093994140625,Cadde (Kavşak ve Refüj),ZİNCİRLİKUYU - HACIOSMAN ARASI ORTA VE YAN REFÜJLER,Sarıyer,41.08397698,29.00882006
41.0861206054688,29.0423583984375,Metro Çıkışı,HİSAR ÜSTÜ BOĞAZİÇİ ÜNİVERSİTESİ METRO İSTASYONU ÇIKIŞI VE ÇEVRESİ,Sarıyer,41.08504039,29.04538393
41.0861206054688,29.0423583984375,Koru,HİSAR ÜSTÜ FATİH KORUSU PARKI,Sarıyer,41.08904229,29.04357212
41.0476684570313,29.0533447265625,Park,HAVUZBAŞI PARKI,Üsküdar,41.04679333,29.05374974
41.0476684570313,29.0533447265625,Cadde (Kavşak ve Refüj),PAŞALİMANI - VANİKÖY ARASI ORTA VE YAN REFÜJLER,Üsküdar,41.04580957,29.04880132
41.0531616210938,29.0533447265625,Park,KULELİ PARKI - 1,Üsküdar,41.05568822,29.05209884
41.0531616210938,29.0533447265625,Kamu,VAHDETTİN KORUSU,Üsküdar,41.05466984,29.05780256
41.0696411132813,29.0533447265625,Park,VANİKÖY PARKI,Üsküdar,41.06823913,29.05733183
41.0806274414063,29.0753173828125,Kamu,İSTANBUL BOĞAZİÇİ ÜNİVERSİTESİ BAHÇESİ,Beykoz ,41.08075834,29.07102585
40.9872436523438,28.7347412109375,Kamu,AVCILAR MURAT KÖLÜK HASTANESİ BAHÇESİ,Avcılar,40.98413372,28.73130151
41.0861206054688,29.0753173828125,Park,MUHTAR HAYRULLAH ERSAYIN PARKI,Beykoz,41.08881273,29.0771788
40.9817504882813,28.8775634765625,Meydan,BAKIRKÖY CUMHURİYET MEYDANI VE ÇEVRESİ,Bakırköy,40.98107000,28.87370200
40.9817504882813,28.8775634765625,Park,DİNOZORLU PARKI,Bakırköy,40.98250900,28.87212600
40.9817504882813,28.8775634765625,Cadde (Kavşak ve Refüj),BAKIRKÖY İSTANBUL CADDESİ,Bakırköy,40.97841582,28.87447357
40.9817504882813,28.8775634765625,Kamu,YENİ MAHALLE MUHTARLIK ÇEVRESİ,Bakırköy,40.98135500,28.88021800
41.1026000976563,29.0423583984375,Park,SARIYER HEZARFEN AHMET ÇELEBİ PARKI,Sarıyer,41.10256846,29.03882485
41.1026000976563,29.0423583984375,Park,PROF. DR. AZİZ SANCAR PARKI,Sarıyer,41.10468005,29.04602498
41.1135864257813,29.0643310546875,Park,İSTİNYE İDO PARKI,Sarıyer,41.11387815,29.06118091
41.1135864257813,29.0643310546875,Park,YENİKÖY PLAJ PARKI,Sarıyer,41.11740751,29.06486213
41.1190795898438,29.0643310546875,Park,YENİKÖY PLAJ PARKI,Sarıyer,41.11740751,29.06486213
40.9872436523438,28.8775634765625,Cadde (Kavşak ve Refüj),BAKIRKÖY İNCİRLİ CADDESİ,Bakırköy,40.986646,28.872277
41.0531616210938,29.1192626953125,"Karayolu (Kavşak, Şev-Yamaç ve Refüj)",TEM OTOYOLU KÜÇÜKSU CADDESİ ARASI BAĞLANTI YOLU,Ümraniye,41.05610385,29.11748171
41.0696411132813,28.6248779296875,"Karayolu (Kavşak, Şev-Yamaç ve Refüj)",TEM HADIMKÖY KAVŞAĞI - E5 HADIMKÖY KAVŞAĞI ARASI ORTA VE YAN REFÜJLER,Esenyurt / Büyükçekmece,41.06691479,28.62084389
41.0641479492188,28.6468505859375,"Karayolu (Kavşak, Şev-Yamaç ve Refüj)",TEM AVCILAR KAVŞAĞI - TEM HADIMKÖY KAVŞAĞI ARASI ORTA YAN REFÜJLER,Esenyurt / Başakşehir,41.06376974,28.65260983
41.1245727539063,28.4930419921875,Kamu,ÇATALCA RMS İSTASYONU BAHÇESİ,Çatalca,41.12275401,28.49676490
41.0256958007813,29.2181396484375,Cadde (Kavşak ve Refüj),TAŞDELEN KAVŞAĞI,Çekmeköy,41.02221492,29.21613890
40.9927368164063,28.9105224609375,Park,ŞEHİT ESRA TEKİN - HAKAN TEKİN PARKI,Zeytinburnu,40.98886374,28.91169727
40.8828735351563,29.2620849609375,Park,BOTAŞ PARKI PENDİK,Pendik,40.88182793,29.25962269
40.8828735351563,29.2620849609375,Park,KAYNARCA BÖLGE PARKI,Pendik,40.88425730,29.26279843
41.0641479492188,28.5369873046875,"Karayolu (Kavşak, Şev-Yamaç ve Refüj)",D100 MİMAR SİNAN KAVŞAĞI - ÇATALCA AHMEDİYE KAVŞAĞI ARASI ORTA VE YAN REFÜJLER,Çatalca,41.06336851,28.53235245
41.0202026367188,29.1851806640625,"Karayolu (Kavşak, Şev-Yamaç ve Refüj)",ÇEKMEKÖY KAVŞAĞI - KEMERDERE KAVŞAĞI ARASI ORTA VE YAN REFÜJLER,Ümraniye / Çekmeköy,41.02037881,29.18010908
41.0202026367188,29.1851806640625,Kamu,İBB ÇEKMEKÖY SPOR KOMPLEKSİ BAHÇESİ,Çekmeköy,41.02345561,29.18530941
41.0202026367188,29.1851806640625,"Karayolu (Kavşak, Şev-Yamaç ve Refüj)",KEMERDERE KAVŞAĞI ORTA REFÜJ,Ümraniye / Çekmeköy,41.01659895,29.18278533
41.0421752929688,28.8885498046875,"Karayolu (Kavşak, Şev-Yamaç ve Refüj)",15 TEMMUZ OTOGAR KAVŞAĞI VE ORA AVM ÖNÜ ORTA VE YAN REFÜJLER,Bayrampaşa / Esenler,41.04338878,28.88573885
41.0421752929688,28.8885498046875,"Karayolu (Kavşak, Şev-Yamaç ve Refüj)",ESENLER KAVŞAĞI - VATAN KAVŞAĞI ARASI ORTA VE YAN REFÜJLER,Bayrampaşa / Esenler,41.04502736,28.89127493
41.0421752929688,28.8885498046875,Kamu,İBB PROF. DR. ADEM BAŞTÜRK KÜLTÜR MERKEZİ BAHÇESİ,Esenler,41.04022885,28.88406515
41.0421752929688,28.8885498046875,Kamu,İBB ESENLER YAVUZSELİM (METRO) ÇEM BAHÇESİ,Esenler,41.04042306,28.88469011
40.8718872070313,29.2401123046875,Kamu,İETT DURAKLARI VE PAZAR YERİ ORTA VE YAN REFÜJLER,Pendik,40.87438100,29.24421608
41.0366821289063,28.4381103515625,"Karayolu (Kavşak, Şev-Yamaç ve Refüj)",KUMBURGAZ KAVŞAĞI - ORTAKÖY KAVŞAĞI ARASI ORTA VE YAN REFÜJLER,Büyükçekmece,41.03783274,28.43592741
40.9762573242188,29.2291259765625,Kamu,SANCAKTEPE EYÜP SULTAN SPOR KOMPLEKSİ BAHÇESİ,Sancaktepe,40.97887953,29.23185292
40.9762573242188,29.2291259765625,Cadde (Kavşak ve Refüj),AŞIK REYHANİ CADDESİ ORTA VE YAN REFÜJLER,Sancaktepe,40.9755946,29.2322371
40.9982299804688,28.6248779296875,Park,BEYLİKDÜZÜ KREŞ EĞİTİM YAPISI VE ÇOCUK OYUN PARKI,Beylikdüzü,40.99560947,28.62893879
41.2289428710938,28.4930419921875,Park,ÇATALCA KESTANELİK MAHALLE PARKI,Çatalca,41.23042520,28.49578482
41.0531616210938,28.8555908203125,"Karayolu (Kavşak, Şev-Yamaç ve Refüj)",MAHMUTBEY DOĞU KAVŞAĞI - ESENLER KAVŞAĞI ARASI ORTA VE YAN REFÜJLER,Esenler,41.05509256,28.85686219
41.0916137695313,29.0203857421875,Cadde (Kavşak ve Refüj),BALTALİMANI - LEVENT BAĞLANTI YOLU ARASI ORTA VE YAN REFÜJLER,Sarıyer,41.09361577,29.02540684
41.0916137695313,29.0203857421875,Cadde (Kavşak ve Refüj),FSM - LEVENT BAĞLANTI YOLU ARASI ORTA VE YAN REFÜJLER,Beşiktaş,41.09087468,29.02020872
41.1355590820313,29.0313720703125,Kent Ormanı,HACIOSMAN ATATÜRK KENT ORMANI VE DERBENT BÖLÜMÜ,Sarıyer,41.13637000,29.03176900
41.0641479492188,29.0533447265625,Park,KULELİ PARKI - 2,Üsküdar,41.06063222,29.05267686
40.9982299804688,28.9434814453125,Park,DR. MİMAR KADİR TOPBAŞ MEYDANI,Fatih,40.99771484,28.94713998
40.9982299804688,28.9434814453125,Cadde (Kavşak ve Refüj),ÇATLADIKAPI PARKI - YENİKAPI ARASI ORTA VE YAN REFÜJLER,Fatih,41.00085981,28.94412732
41.0037231445313,28.9215087890625,Cadde (Kavşak ve Refüj),10. YIL CADDESİ YAN REFÜJLER,Zeytinburnu,41.00624898,28.92107964
41.0037231445313,28.9215087890625,Kamu,İBB SİLİVRİKAPI BUZ PATENİ PİSTİ BAHÇESİ,Zeytinburnu,41.00327349,28.92308056
41.0861206054688,29.0533447265625,Park,DUATEPE PARKI,Sarıyer,41.08740571,29.05107021
41.0861206054688,29.0533447265625,Kamu,HİSAR ÜSTÜ EĞİTİM MERKEZİ BAHÇESİ,Sarıyer,41.08863382,29.05255884
41.0861206054688,29.0533447265625,Kamu,İBB AŞİYAN MÜZESİ BAHÇESİ,Beşiktaş,41.08264365,29.05340374
41.0421752929688,28.9984130859375,Cadde (Kavşak ve Refüj),BEŞİKTAŞ SAHİL - DOLMABAHÇE ARASI ORTA VE YAN REFÜJLER,Beşiktaş,41.04060514,29.00021553
41.0421752929688,28.9984130859375,Cadde (Kavşak ve Refüj),DOLMABAHÇE YAMAÇLAR YAN REFÜJLER,Şişli,41.03981210,28.99554312
41.0421752929688,28.9984130859375,Park,İNÖNÜ PARKI,Şişli,41.04196461,28.99687886
41.0421752929688,28.9984130859375,Cadde (Kavşak ve Refüj),İNÖNÜ STADI ETRAFI,Beşiktaş,41.04024099,28.99317741
41.0421752929688,28.9984130859375,Park,MAÇKA DEMOKRASİ PARKI,Şişli,41.04418987,28.99375677
41.0366821289063,28.9984130859375,Cadde (Kavşak ve Refüj),BEŞİKTAŞ SAHİL - DOLMABAHÇE ARASI ORTA VE YAN REFÜJLER,Beşiktaş,41.04060514,29.00021553
41.0366821289063,28.9984130859375,Kamu,DOLMABAHÇE CAMİ BAHÇESİ,Beşiktaş,41.03693524,28.99517298
41.0366821289063,28.9984130859375,Cadde (Kavşak ve Refüj),DOLMABAHÇE YAMAÇLAR YAN REFÜJLER,Şişli,41.03981210,28.99554312
41.0421752929688,28.9874267578125,Kamu,ATATÜRK KİTAPLIĞI BAHÇESİ,Beyoğlu,41.03918090,28.98939550
41.0421752929688,28.9874267578125,Cadde (Kavşak ve Refüj),BİZANS ÇÖPLÜĞÜ - DOLAPDERE ARASI ORTA REFÜJ VE İPLİKÇİ KAVŞAĞI,Beyoğlu,41.04222760,28.98358047
41.0421752929688,28.9874267578125,Cadde (Kavşak ve Refüj),ŞİŞLİ CUMHURİYET CADDESİ ORTA VE YAN REFÜJLER,Şişli,41.04474010,28.98646653
41.0421752929688,28.9874267578125,Kamu,KONGRE VADİ İÇİ BAHÇESİ,Şişli,41.04645349,28.98889929
41.0421752929688,28.9874267578125,Park,TAKSİM GEZİ PARKI,Beyoğlu,41.03865085,28.98665965
41.0421752929688,28.9874267578125,Kamu,İTÜ TAŞKIŞLA YERLEŞKESİ,Beyoğlu,41.04099558,28.99000168
41.0806274414063,29.0533447265625,Cadde (Kavşak ve Refüj),AŞİYAN - BALTALİMANI ARASI ORTA VE YAN REFÜJLER,Beşiktaş,41.08146193,29.05432642
41.0806274414063,29.0533447265625,Park,AŞİYAN PARKI,Beşiktaş,41.08127997,29.05413866
41.0806274414063,29.0533447265625,Kamu,İBB AŞİYAN MÜZESİ BAHÇESİ,Beşiktaş,41.08264365,29.05340374
41.0202026367188,28.9544677734375,Park,FATİH ANIT PARKI,Fatih,41.01575345,28.95433903
41.0202026367188,28.9544677734375,Park,HAVA ŞEHİTLERİ PARKI,Fatih,41.01593964,28.95280480
41.0202026367188,28.9544677734375,Park,ŞEHİT AHMET KARA PARKI,Fatih,41.01665607,28.95575523
41.0202026367188,28.9544677734375,Kamu,FATİH İTFAİYE DAİRE BAŞKANLIĞI,Fatih,41.01600441,28.95350218
41.0037231445313,28.9874267578125,Cadde (Kavşak ve Refüj),SARAYBURNU PARKI - ÇATLADIKAPI PARKI ARASI ORTA VE YAN REFÜJLER,Fatih,41.00381840,28.98239815
41.0366821289063,28.9434814453125,Park,AKŞEMSETTİN PARKI,Fatih,41.03563231,28.94768715
41.0366821289063,28.9434814453125,Cadde (Kavşak ve Refüj),AYVANSARAY HASTANE ÖNÜ ORTA VE YAN REFÜJLER,Fatih,41.03846068,28.94503444
41.0366821289063,28.9434814453125,Ağaçlandırma Sahası,AYVANSARAY SUR DİPLERİ,Eyüpsultan,41.03913639,28.93984973
41.0366821289063,28.9434814453125,Park,BALAT PARKI,Fatih,41.03793467,28.94572645
41.0366821289063,28.9434814453125,Park,CEMİL MERİÇ PARKI,Fatih,41.04086004,28.94273043
41.0366821289063,28.9434814453125,Park,HACI HÜSREV CAMİ PARKI,Eyüpsultan,41.03978378,28.94087970
41.1575317382813,29.6026611328125,,YENİKÖY YAŞAM VADİSİ 1. ETAP,Sancaktepe,41.1600482,29.6043299
41.0202026367188,29.1082763671875,Metro Çıkışı,YAMANEVLER METRO İSTASYONU,Ümraniye,41.02435002,29.10864115
40.8938598632813,29.2401123046875,"Karayolu (Kavşak, Şev-Yamaç ve Refüj)",ORTA MAHALLESİ ANKARA CADDESİ PENDİK KÖPRÜSÜ ÜSTÜ YAN REFÜJLER,Pendik,40.89027567,29.23954367
41.0256958007813,29.0863037109375,Metro Çıkışı,ÜMRANİYE METRO İSTASYONU,Ümraniye,41.02470211,29.08474803
41.0256958007813,29.0863037109375,"Karayolu (Kavşak, Şev-Yamaç ve Refüj)",BULGURLU KAVŞAĞI - TANTAVİ TÜNELİ ARASI ORTA VE YAN REFÜJLER,Üsküdar,41.02465313,29.08166420
41.0311889648438,29.0753173828125,Kamu,BÜYÜK ÇAMLICA CAMİ YAKIN ÇEVRESİ,Üsküdar,41.03434809,29.07140620
41.1575317382813,28.1414794921875,"Karayolu (Kavşak, Şev-Yamaç ve Refüj)",TEM KINALI KAVŞAĞI - ÇERKEZKÖY KAVŞAĞI ARASI YAN REFÜJLER,Silivri,41.15579403,28.14161682
41.0696411132813,28.6688232421875,"Karayolu (Kavşak, Şev-Yamaç ve Refüj)",ESENKENT BAHÇEŞEHİR YOLU CADDESİ VE MERCEDES BULVARI,Başakşehir,41.06645453,28.66997123
40.9762573242188,29.1522216796875,Kamu,KAYIŞDAĞI DARULACEZE BAHÇESİ,Ataşehir,40.97929869,29.14859533
41.0476684570313,28.8006591796875,Kamu,İBB HALKALI KAPALI YÜZME HAVUZU BAHÇESİ,Küçükçekmece,41.04494644,28.79888356
41.0476684570313,28.8006591796875,Cadde (Kavşak ve Refüj),KÜÇÜKÇEKMECE HÜRRİYET BULVARI ORTA VE YAN REFÜJLER,Küçükçekmece,41.04678071,28.80260036
40.9927368164063,29.1082763671875,"Karayolu (Kavşak, Şev-Yamaç ve Refüj)",ÇAMLICA KAVŞAĞI - HALK CADDESİ ARASI ORTA VE YAN REFÜJLER,Ümraniye,40.98998943,29.11044896
40.9927368164063,29.1082763671875,Cadde (Kavşak ve Refüj),YEŞİLVADİ İKEA ÖNÜ ORTA VE YAN REFÜJLER,Ümraniye,40.98998943,29.11044896
40.9927368164063,29.1082763671875,Kamu,MİMAR SİNAN CAMİ İÇ AVLUSU VE BAHÇESİ,Ataşehir,40.99571012,29.11175753
41.1026000976563,28.9764404296875,Park,CENDERE YAŞAM VADİSİ 1. ETAP,Kağıthane,41.0996520,28.9799592
40.9597778320313,29.0643310546875,Park,ŞEHİT KADİR YILDIRIM PARKI (CADDEBOSTAN KARA VE SAHİL PARKI),Kadıköy,40.96307098,29.06822026
40.9597778320313,29.0643310546875,Park,DALYAN PARKI,Kadıköy,40.96257677,29.06181246
41.0311889648438,29.0423583984375,"Karayolu (Kavşak, Şev-Yamaç ve Refüj)",15 TEMMUZ ŞEHİTLER KÖPRÜSÜ - ALTUNİZADE KAVŞAĞI ARASI YAN REFÜJLER,Üsküdar,41.03317526,29.04550102
41.0311889648438,29.0423583984375,Cadde (Kavşak ve Refüj),NAKKAŞTEPE ORTA VE YAN REFÜJLER,Üsküdar,41.03296799,29.04344144
41.0202026367188,29.1412353515625,Metro Çıkışı,ALTINŞEHİR METRO ÇIKIŞI,Ümraniye,41.01675725,29.14048433
41.0256958007813,28.7677001953125,Cadde (Kavşak ve Refüj),YARIMBURGAZ CADDESİ ORTA REFÜJLER,Küçükçekmece,41.023542,28.767603
40.9158325195313,29.3060302734375,Cadde (Kavşak ve Refüj),KURTKÖY YOLU ORTA VE YAN REFÜJLER,Pendik,40.91570163,29.30389523
40.9158325195313,29.3060302734375,Cadde (Kavşak ve Refüj),KURTKÖY MAHALLESİ BAKÜ CADDESİ KAVŞAĞI ORTA REFÜJLER,Pendik,40.91815005,29.30309057
40.9158325195313,29.3060302734375,Cadde (Kavşak ve Refüj),KURTKÖY MAHALLESİ ANKARA CADDESİ KAVŞAK VE ORTA REFÜJ,Pendik,40.91484223,29.30318176
41.0421752929688,28.7567138671875,Cadde (Kavşak ve Refüj),TURGUT ÖZAL BULVARI ORTA VE YAN REFÜJLER,Küçükçekmece,41.04160201,28.75964415
41.0421752929688,28.7567138671875,Kamu,İBB KÜÇÜKÇEKMECE ATAKENT GENÇLİK MERKEZİ VE YURT YERLEŞKE BAHÇESİ,Küçükçekmece,41.04241371,28.76003981
41.1080932617188,29.1082763671875,"Karayolu (Kavşak, Şev-Yamaç ve Refüj)",KAVACIK - ELMALI - KORU YANI - AKBABA TEM BAĞLANTI YOLU,Beykoz,41.10574312,29.10381317
41.0806274414063,28.9654541015625,"Karayolu (Kavşak, Şev-Yamaç ve Refüj)",NURTEPE VİYADÜK ÇEVRESİ YAN REFÜJLER,Eyüpsultan,41.08210889,28.96107137
41.0806274414063,28.9654541015625,Metro Çıkışı,NURTEPE ACİL METRO ÇIKIŞI,Eyüpsultan,41.07991120,28.96331370
41.1080932617188,28.7786865234375,Park,BAŞAKŞEHİR ONURKENT PARKI - 1,Başakşehir,41.10978507,28.78280640
41.0476684570313,28.9874267578125,Cadde (Kavşak ve Refüj),ŞİŞLİ CUMHURİYET CADDESİ ORTA VE YAN REFÜJLER,Şişli,41.04474010,28.98646653
41.0476684570313,28.9874267578125,Park,DARÜLBEDAİ PARKI,Şişli,41.04828618,28.99112552
41.0476684570313,28.9874267578125,Cadde (Kavşak ve Refüj),KADIRGALAR CADDESİ ORTA VE YAN REFÜJLER,Şişli,41.04624109,28.99134815
41.0476684570313,28.9874267578125,Kamu,KONGRE VADİ İÇİ BAHÇESİ,Şişli,41.04645349,28.98889929
41.0476684570313,28.9874267578125,Kamu,CEMAL REŞİT REY KONSER SALONU BAHÇESİ,Şişli,41.04630987,28.98995340
40.9762573242188,28.8006591796875,Cadde (Kavşak ve Refüj),ŞENLİKKÖY - YEŞİLYURT ARASI ORTA VE YAN REFÜJLER,Bakırköy,40.97847252,28.80394220
41.0202026367188,29.1522216796875,Metro Çıkışı,İMAM HATİP LİSESİ METRO İSTASYONU,Ümraniye,41.01588298,29.15144920
41.1080932617188,29.0972900390625,Cadde (Kavşak ve Refüj),BEYKOZ SOĞUKSU CADDESİ ORTA VE YAN REFÜJLER,Beykoz,41.10863314,29.09544736
41.1026000976563,29.0972900390625,"Karayolu (Kavşak, Şev-Yamaç ve Refüj)",KAVACIK SOĞUKSU YOLU - KAVACIK RÜZGARLI BAHÇE YOLU ARASI ORTA VE YAN REFÜJLER,Beykoz,41.10034673,29.09714520
40.9762573242188,28.7896728515625,Kamu,FLORYA SPOR TESİSİ BAHÇESİ,Bakırköy,40.97561829,28.79116416
40.9762573242188,28.7896728515625,Park,KAYALI BAHÇE PARKI,Bakırköy,40.97300068,28.78923982
40.9762573242188,28.7896728515625,Kamu,L MOTEL - GÜNEŞ MOTEL BAHÇESİ,Bakırköy,40.97245815,28.78695846
40.9762573242188,28.7896728515625,Koru,FLORYA ATATÜRK ORMANI VE İPA YERLEŞKESİ,Bakırköy,40.97701859,28.78909349
41.0696411132813,29.1082763671875,"Karayolu (Kavşak, Şev-Yamaç ve Refüj)",KAVACIK KAVŞAĞI - ÜMRANİYE KAVŞAĞI ARASI ORTA VE YAN REFÜJLER,Beykoz,41.06744496,29.10919338
40.9817504882813,28.7457275390625,Cadde (Kavşak ve Refüj),AVCILAR VATAN HASTANESİ KAVŞAĞI,Avcılar,40.97911939,28.74931660
40.9762573242188,28.7786865234375,Cadde (Kavşak ve Refüj),KÜÇÜKÇEKMECE - YEŞİLKÖY ARASI ORTA VE YAN REFÜJLER,Bakırköy,40.97524062,28.77893329
40.9762573242188,28.7786865234375,Kamu,VALİLİK KONUTU BAHÇESİ,Bakırköy,40.97591901,28.78060162
40.9268188476563,29.3280029296875,"Karayolu (Kavşak, Şev-Yamaç ve Refüj)",HARMANDERE MAHALLESİ ANKARA CADDESİ NO:445 ÖNÜ ORTA REFÜJLER,Pendik,40.92969167,29.32595103
40.9268188476563,29.3280029296875,"Karayolu (Kavşak, Şev-Yamaç ve Refüj)",HARMANDERE KAVŞAĞI,Pendik,40.93029353,29.32813704
40.9268188476563,29.3280029296875,"Karayolu (Kavşak, Şev-Yamaç ve Refüj)",HARMANDERE KAVŞAĞI - HAVALİMANI KAVŞAĞI ARASI ORTA VE YAN REFÜJLER,Pendik,40.92494760,29.32476819
41.0256958007813,28.6798095703125,"Karayolu (Kavşak, Şev-Yamaç ve Refüj)",ESENYURT KÖPRÜLÜ KAVŞAĞI - TEM HARAMİDERE KAVŞAĞI ARASI YAN REFÜJLER,Esenyurt / Avcılar,41.02437916,28.68201542
41.0861206054688,28.9324951171875,Park,ASIM YILDIZ PARKI,Eyüpsultan,41.08762000,28.93678129
41.1740112304688,29.0533447265625,Park,HİDAYETİN BAĞI PARKI,Sarıyer,41.17199611,29.05598121
41.0531616210938,28.9544677734375,Kamu,CEMAL KAMACI SPOR KOMPLEKSİ BAHÇESİ,Beyoğlu,41.05357155,28.95912409
41.0531616210938,28.9544677734375,Kamu,BEYOĞLU İLÇESİ ÖRNEKTEPE ÖĞRENCİ YURDU BAHÇESİ,Beyoğlu,41.05471636,28.95479500
41.0531616210938,28.9544677734375,Park,KIBRIS BARIŞ ORMANI PARKI,Beyoğlu,41.05438870,28.95416200
41.0531616210938,28.9544677734375,"Karayolu (Kavşak, Şev-Yamaç ve Refüj)",OKMEYDANI KAVŞAĞI - HALICIOĞLU KAVŞAĞI ARASI ORTA VE YAN REFÜJLER,Beyoğlu,41.05140302,28.94952253
41.0531616210938,28.9544677734375,Cadde (Kavşak ve Refüj),SÜTLÜCE ORTA VE YAN REFÜJLER,Beyoğlu,41.05470018,28.94901216
40.9323120117188,29.3280029296875,"Karayolu (Kavşak, Şev-Yamaç ve Refüj)",HARMANDERE MAHALLESİ ANKARA CADDESİ NO:445 ÖNÜ ORTA REFÜJLER,Pendik,40.92969167,29.32595103
40.9323120117188,29.3280029296875,Kamu,KURTKÖY SPOR TESİSİ BAHÇESİ,Pendik,40.93397747,29.32643115
40.9323120117188,29.3280029296875,Park,SİTE SOKAK PARKI,Pendik,40.93192276,29.32669401
40.9323120117188,29.3280029296875,"Karayolu (Kavşak, Şev-Yamaç ve Refüj)",HARMANDERE KAVŞAĞI,Pendik,40.93029353,29.32813704
40.9323120117188,29.3280029296875,"Karayolu (Kavşak, Şev-Yamaç ve Refüj)",TEM PENDİK KAVŞAĞI - HARMANDERE KAVŞAĞI ARASI ORTA VE YAN REFÜJLER,Pendik,40.93338984,29.33042765
41.0366821289063,29.1522216796875,Kamu,İBB BEHİÇ ERKİN METRO YERLEŞKE BAHÇESİ,Ümraniye,41.03479875,29.15640593
40.9268188476563,29.1302490234375,Park,MALTEPE ÇAMLIK PARKI,Maltepe,40.925466,29.129888
40.9268188476563,29.1302490234375,Meydan,MALTEPE CUMHURİYET MEYDANI,Maltepe,40.925032,29.131287
40.9487915039063,29.1192626953125,"Karayolu (Kavşak, Şev-Yamaç ve Refüj)",HAREM - BAYRAMOĞLU ARASI ORTA REFÜJ,Anadolu Yakası,40.952040,29.118913
40.9487915039063,29.1192626953125,"Karayolu (Kavşak, Şev-Yamaç ve Refüj)",KÜÇÜKYALI KAVŞAĞI - BÜYÜKYALI KAVŞAĞI ARASI YAN REFÜJLER,Maltepe,40.949589,29.122510
40.9487915039063,29.1192626953125,"Karayolu (Kavşak, Şev-Yamaç ve Refüj)",KÜÇÜKYALI KAVŞAĞI,Maltepe,40.949491,29.121228
40.9762573242188,28.7127685546875,Kamu,İBB AVCILAR AMBARLI ÇEM BAHÇESİ,Avcılar,40.97665855,28.71545613
40.9707641601563,28.7127685546875,Cadde (Kavşak ve Refüj),İSKELE CADDESİ ORTA VE YAN REFÜJLER,Avcılar,40.97195186,28.71637881
40.9158325195313,29.1741943359375,Kamu,ANADOLU ADALET SARAYI BAHÇESİ,Kartal,40.91353690,29.17780995
40.9158325195313,29.1741943359375,"Karayolu (Kavşak, Şev-Yamaç ve Refüj)",CEVİZLİ KAVŞAĞI,Kartal,40.919019,29.172788
41.1245727539063,29.0753173828125,Park,ÇAMLIK PARKI,Sarıyer,41.12539455,29.07051640
40.9213256835938,29.1741943359375,"Karayolu (Kavşak, Şev-Yamaç ve Refüj)",CEVİZLİ KAVŞAĞI,Kartal,40.919019,29.172788
40.8609008789063,29.3280029296875,"Karayolu (Kavşak, Şev-Yamaç ve Refüj)",TUZLA AYDINLI YOLU ORTA REFÜJ,Tuzla,40.86294129,29.33132886
41.0366821289063,29.0313720703125,Park,KUZGUNCUK PARKI,Üsküdar,41.03917100,29.03344200
41.0366821289063,29.0313720703125,Park,KUZGUNCUK CEP PARKLARI,Üsküdar,41.03792770,29.03118136
41.0916137695313,29.0863037109375,"Karayolu (Kavşak, Şev-Yamaç ve Refüj)",FSM - KAVACIK KAVŞAĞI ARASI ORTA VE YAN REFÜJLER,Beykoz,41.09212800,29.08547223
41.0916137695313,29.0863037109375,Park,İSKİ ANADOLU HİSARI YERLİ SUYU MEMBA ALANI,Beykoz,41.08930396,29.08914953
41.0531616210938,28.7786865234375,Cadde (Kavşak ve Refüj),HALKALI 4 CADDE ORTA VE YAN REFÜJLER,Küçükçekmece,41.05052134,28.77426624
41.0751342773438,28.7896728515625,Metro Çıkışı,ZİYA GÖKALP METRO İSTASYONU,Başakşehir,41.07446618,28.78731787
40.9542846679688,29.1632080078125,Park,MALTEPE BAŞIBÜYÜK FUAYE EVLERİ ÖNÜ,Maltepe,40.95039669,29.16579902
40.9542846679688,29.1632080078125,Park,BARBAROS HAYRETTİN PAŞA OKULU YANI ALANLARI,Maltepe,40.95020221,29.16227996
40.9872436523438,28.8336181640625,Kamu,SOSYAL HİZMETLER DAİRE BAŞKANLIĞI BAHÇESİ,Bakırköy,40.99021618,28.83052826
40.9872436523438,28.8336181640625,Kamu,BAKIRKÖY ALEVİ BEKTAŞİ KÜLTÜR MERKEZİ VE CEM EVİ DERNEĞİ BAHÇESİ,Bakırköy,40.990034,28.834824
40.9872436523438,28.8336181640625,Kamu,İBB BAKIRKÖY SELENİUM ÇEM BAHÇESİ,Bakırköy,40.99084100,28.83690400
40.9872436523438,28.8336181640625,Metro Çıkışı,YENİBOSNA METRO İSTASYONU ÇEVRESİ,Bakırköy,40.989910,28.838136
41.0641479492188,28.6248779296875,"Karayolu (Kavşak, Şev-Yamaç ve Refüj)",TEM HADIMKÖY KAVŞAĞI - E5 HADIMKÖY KAVŞAĞI ARASI ORTA VE YAN REFÜJLER,Esenyurt / Büyükçekmece,41.06691479,28.62084389
41.0092163085938,29.0863037109375,Kamu,İBB ATAŞEHİR ESATPAŞA ÇEM BAHÇESİ,Ataşehir,41.00508916,29.08605427
41.1026000976563,28.8555908203125,"Karayolu (Kavşak, Şev-Yamaç ve Refüj)",ASKERİ KUŞAKLAMA YOLU ORTA VE YAN REFÜJLER,Sultangazi,41.10033460,28.85552645
40.9982299804688,28.8665771484375,"Karayolu (Kavşak, Şev-Yamaç ve Refüj)",İNCİRLİ KAVŞAĞI,Bakırköy,40.99701036,28.87008548
41.1026000976563,29.0643310546875,Park,BEYKOZ KANLICA PARKI,Beykoz,41.09996674,29.06574994
40.9487915039063,29.3939208984375,Cadde (Kavşak ve Refüj),BALLICA CADDESİ ORTA VE YAN REFÜJLER,Tuzla,40.95203758,29.39338446
40.9487915039063,29.3939208984375,Kamu,FORMULA PİSTİ BAHÇESİ,Tuzla,40.94704186,29.39293921
40.9762573242188,28.8885498046875,Park,AYTEKİN KOTİL PARKI,Bakırköy,40.97740700,28.88432000
40.9762573242188,28.8885498046875,Park,BAKIRKÖY SAKIZAĞACI PARKI,Bakırköy,40.97855300,28.88447400
40.9872436523438,28.9105224609375,Park,KAZLIÇEŞME SAHİL PARKI,Zeytinburnu,40.98719138,28.91345680
40.9872436523438,28.9105224609375,Park,ŞEHİT ESRA TEKİN - HAKAN TEKİN PARKI,Zeytinburnu,40.98886374,28.91169727
40.9872436523438,28.9105224609375,Kamu,İBB ZEYTİNBURNU SOSYAL TESİSLERİ BAHÇESİ,Zeytinburnu,40.98513427,28.90604585
41.0806274414063,28.8995361328125,Kamu,İBB BARBAROS HAYRETTİNPAŞA GENÇLİK VE ÇEM BAHÇESİ,Gaziosmanpaşa,41.07659733,28.89915526
41.1135864257813,29.0423583984375,Cadde (Kavşak ve Refüj),İSTİNYE BAYIRI CADDESİ ORTA VE YAN REFÜJLER,Sarıyer,41.11177160,29.03925776
41.1135864257813,29.0423583984375,Park,POLİGON PARKI,Sarıyer,41.11648608,29.04118896
41.1190795898438,28.4930419921875,"Karayolu (Kavşak, Şev-Yamaç ve Refüj)",ÇATALCA KUZEY MARMARA OTOYOLU BAĞLANTI KAVŞAĞI - ÇAKIL KAVŞAĞI ARASI ORTA VE YAN REFÜJLER,Çatalca,41.11812687,28.49606752
41.0806274414063,29.0203857421875,Metro Çıkışı,NİSPETİYE METRO İSTASYONU ÇIKIŞI VE ÇEVRESİ,Beşiktaş,41.07731068,29.02424902
40.9927368164063,29.0863037109375,"Karayolu (Kavşak, Şev-Yamaç ve Refüj)",GÖZTEPE KAVŞAĞI - KOZYATAĞI ARASI YAN REFÜJLER,Kadıköy,40.988565,29.084164
40.9432983398438,29.3939208984375,Kamu,FORMULA PİSTİ BAHÇESİ,Tuzla,40.94704186,29.39293921
41.1135864257813,29.0313720703125,Kamu,MİT MASLAK YERLEŞKESİ BAHÇESİ,Sarıyer,41.11427943,29.02605057
41.1135864257813,29.0313720703125,Park,PINAR MAHALLESİ PARKI,Sarıyer,41.11481651,29.03447228
41.0037231445313,29.0093994140625,Cadde (Kavşak ve Refüj),HAREM - UZUNÇAYIR KAVŞAĞI ARASI YAN REFÜJLER,Üsküdar,41.007231,29.011944
41.0037231445313,29.0093994140625,Park,GÜMRÜK PARKI,Üsküdar,41.00524502,29.01436687
41.0861206054688,28.8665771484375,Kamu,İBB HAMZA YERLİKAYA SPOR KOMPLEKSİ BAHÇESİ,Sultangazi,41.08686391,28.87058437
41.1026000976563,29.0093994140625,Kamu,AYAZAĞA KASRI BAHÇESİ,Sarıyer,41.10674555,29.00713563
41.1026000976563,29.0093994140625,"Karayolu (Kavşak, Şev-Yamaç ve Refüj)",HARP AKADEMİLERİ KAVŞAĞI,Sarıyer,41.09959888,29.00783300
40.9927368164063,28.6907958984375,"Karayolu (Kavşak, Şev-Yamaç ve Refüj)",HARAMİDERE KAVŞAĞI AVCILAR DOLUM TESİSLERİ ARASI (SARI ZEYBEK CADDESİ),Beylikdüzü / Avcılar,40.98850949,28.69274166
41.0037231445313,29.2730712890625,Cadde (Kavşak ve Refüj),BARAJ YOLU CADDESİ,Sultanbeyli,41.00315609,29.27137613
41.0037231445313,29.2730712890625,Cadde (Kavşak ve Refüj),BASRA CADDESİ,Sultanbeyli,41.00144765,29.26857591
41.0037231445313,29.2730712890625,Cadde (Kavşak ve Refüj),KILIÇARSLAN CADDESİ,Sultanbeyli,40.99996896,29.27558617
41.0531616210938,28.9654541015625,Park,MAHMUT ŞEVKET PAŞA PARKI,Kağıthane,41.05445342,28.96155417
41.0531616210938,28.9654541015625,"Karayolu (Kavşak, Şev-Yamaç ve Refüj)",OKMEYDANI KAVŞAĞI,Kağıthane,41.05517308,28.96031527
40.9103393554688,29.1632080078125,Kamu,İSTANBUL BÖLGE ADLİYE MAHKEMESİ BAHÇESİ,Kartal,40.90990857,29.15821373
40.8663940429688,29.2620849609375,"Karayolu (Kavşak, Şev-Yamaç ve Refüj)",ALTKAYNARCA SAHİL BAĞLANTI YOLU ORTA VE YAN REFÜJLER,Pendik,40.86801234,29.26566839
40.8663940429688,29.2620849609375,Cadde (Kavşak ve Refüj),KAYNARCA MAHALLESİ KANUNİ SULTAN SÜLEYMAN CADDESİ ORTA REFÜJLER,Pendik,40.87031535,29.26095164
41.0202026367188,28.7786865234375,Kamu,İBB KÜÇÜKÇEKMECE SÖĞÜTLÜÇEŞME MAHALLESİ ÇEM BAHÇESİ,Küçükçekmece,41.02292543,28.78341258
40.9872436523438,29.0203857421875,Meydan,KADIKÖY MEYDANI,Kadıköy,40.990298,29.020912
40.9872436523438,29.0203857421875,Park,MODA İNCİBURNU PARKI,Kadıköy,40.98603527,29.02043402
41.1355590820313,28.9434814453125,Kamu,KEMERBURGAZ SAHİPSİZ HAYVAN GEÇİCİ BAKIMEVİ BAHÇESİ,Eyüpsultan,41.13765786,28.93893745
41.1026000976563,28.8006591796875,Park,GÖÇMEN KONUTLARI PARKI,Başakşehir,41.10188282,28.80011201
41.1026000976563,28.8006591796875,Meydan,YEŞİL VADİ CADDESİ SAAT KULESİ VE ÇEVRESİ,Başakşehir,41.10384264,28.80477836
41.0037231445313,28.9544677734375,Metro Çıkışı,YENİKAPI MARMARAY METRO İSTASYONU,Fatih,41.00569842,28.95234883
41.0037231445313,28.9544677734375,Park,GENÇLİK PARKI,Fatih,41.00424509,28.95488620
41.1080932617188,28.8006591796875,Cadde (Kavşak ve Refüj),BAŞAKŞEHİR HÜRRİYET BULVARI ORTA VE YAN REFÜJLER,Başakşehir,41.10884736,28.79542351
41.1080932617188,28.8006591796875,Park,BAŞAKŞEHİR ONURKENT PARKI - 2,Başakşehir,41.10798946,28.79487500
41.1080932617188,28.8006591796875,Metro Çıkışı,METROKENT METRO İSTASYONU,Başakşehir,41.10720431,28.80120099
41.1080932617188,28.8006591796875,Kamu,BAŞAKŞEHİR BÖLGE ŞEFLİK BAHÇESİ,Başakşehir,41.10839871,28.80364716
41.0861206054688,29.0643310546875,Park,ANADOLU HİSARI MÜZE BAHÇESİ,Beykoz,41.08228984,29.06676516
41.1026000976563,29.0753173828125,Koru,HİDİV KORUSU,Beykoz,41.10483000,29.07460000
41.0311889648438,28.9654541015625,Park,CEZAYİRLİ HASAN PAŞA PARKI,Beyoğlu,41.03038799,28.96706879
41.0311889648438,28.9654541015625,Meydan,ŞİŞHANE MEYDANI,Beyoğlu,41.02838888,28.96941304
41.0311889648438,28.9654541015625,Cadde (Kavşak ve Refüj),TURABİ BABA - BAHARİYE CADDESİ ORTA VE YAN REFÜJLER,Beyoğlu,41.03201879,28.96621853
41.0311889648438,28.9654541015625,Park,KADI MEHMET EFENDİ PARKI,Beyoğlu,41.03397732,28.96411568
41.0311889648438,28.9654541015625,Cadde (Kavşak ve Refüj),KASIMPAŞA HAMAM ÖNÜ,Beyoğlu,41.03381141,28.96816313
41.0092163085938,29.0203857421875,Cadde (Kavşak ve Refüj),HAYDARPAŞA NUMUNE HASTANESİ ÖNÜ,Kadıköy,41.00625784,29.02177328
41.0092163085938,29.0203857421875,Park,ANKARA ÜÇGENİ PARKI,Üsküdar,41.00634816,29.02139425
41.0092163085938,29.0203857421875,Cadde (Kavşak ve Refüj),ÇİÇEKÇİ YAN REFÜJLER,Üsküdar,41.01313055,29.01782423
41.0092163085938,29.0203857421875,Cadde (Kavşak ve Refüj),DR. EYÜP AKSOY CADDESİ ORTA VE YAN REFÜJLER,Üsküdar,41.00676839,29.02475663
41.0092163085938,29.0203857421875,Park,SELİMİYE PARKI,Üsküdar,41.01049945,29.01942283
41.0092163085938,29.0203857421875,Kamu,SOSYAL HİZMETLER MERKEZİ BAHÇESİ,Üsküdar,41.00926320,29.02111638
41.1520385742188,28.1414794921875,"Karayolu (Kavşak, Şev-Yamaç ve Refüj)",TEM KINALI KAVŞAĞI - ÇERKEZKÖY KAVŞAĞI ARASI YAN REFÜJLER,Silivri,41.15579403,28.14161682
41.0971069335938,29.0863037109375,Cadde (Kavşak ve Refüj),MİHRABAT CADDESİ ORTA VE YAN REFÜJLER,Beykoz,41.09706825,29.08108950
